event_id,timestamp,region,state,plant_id,generation_type,plant_capacity_mw,scheduled_mw,actual_mw,curtailed_mw,deviation_mw,dispatcher_remark,true_cause_label,is_synthetic,source_document_id,predicted_cause,confidence_score,pipeline_status,validation_status
EVT-2026-1001,2026-07-01 02:00:00,Western Region,Gujarat,GJ_WIND_01,Wind,400,350.6,270.9,79.7,79.7,"High frequency in grid (50.12 Hz), backing down instructed by WRLDC",High Frequency,True,DOC-20260701-GU,High Frequency,0.864,classified,confirmed
EVT-2026-1002,2026-07-12 14:00:00,Southern Region,Tamil Nadu,TN_WIND_02,Wind,350,181.3,126.6,54.7,54.7,Over-frequency condition (50.08 Hz) detected across regional grid,High Frequency,True,DOC-20260712-TA,High Frequency,0.896,classified,confirmed
EVT-2026-1003,2026-08-05 06:00:00,Western Region,Rajasthan,RJ_SOLAR_01,Solar,1000,744.5,529.4,215.1,139.2,Low demand period discom backing down request,Commercial / Discom Request,True,DOC-20260805-RA,Commercial / Discom Request,0.911,classified,mismatch
EVT-2026-1004,2026-07-18 09:00:00,Southern Region,Andhra Pradesh,AP_SOLAR_02,Solar,450,377.1,319.9,57.2,57.2,Planned line clearance for grid upgrade work,Maintenance / Outage,True,DOC-20260718-AN,Maintenance / Outage,0.91,classified,confirmed
EVT-2026-1005,2026-06-26 08:00:00,Southern Region,Tamil Nadu,TN_SOLAR_01,Solar,500,281.5,177.2,104.3,104.3,Reactive power compensation constraint at Tuticorin grid,Grid Security,True,DOC-20260626-TA,Grid Security,0.886,classified,confirmed
EVT-2026-1006,2026-08-11 09:00:00,Southern Region,Tamil Nadu,TN_WIND_02,Wind,350,234.9,151.7,83.2,83.2,"High frequency in grid (50.11 Hz), backing down instructed by WRLDC",High Frequency,True,DOC-20260811-TA,High Frequency,0.842,classified,confirmed
EVT-2026-1007,2026-07-11 21:00:00,Southern Region,Tamil Nadu,TN_WIND_02,Wind,350,240.1,206.1,34.0,34.0,Substation maintenance work scheduled at Kayathar,Maintenance / Outage,True,DOC-20260711-TA,Maintenance / Outage,0.848,classified,confirmed
EVT-2026-1008,2026-06-20 19:00:00,Southern Region,Tamil Nadu,TN_WIND_02,Wind,350,294.2,271.9,22.3,22.3,Planned line clearance for grid upgrade work,Maintenance / Outage,True,DOC-20260620-TA,Maintenance / Outage,0.91,classified,confirmed
EVT-2026-1009,2026-08-04 17:00:00,Western Region,Gujarat,GJ_WIND_01,Wind,400,201.8,148.0,53.8,53.8,Power surrender by buying utility due to off-peak tariff,Commercial / Discom Request,True,DOC-20260804-GU,Commercial / Discom Request,0.881,classified,confirmed
EVT-2026-1010,2026-08-15 13:00:00,Western Region,Rajasthan,RJ_SOLAR_01,Solar,1000,724.0,535.1,188.9,190.3,"System frequency surge (50.07 Hz), active power curtailment executed",High Frequency,True,DOC-20260815-RA,High Frequency,0.91,classified,confirmed
EVT-2026-1011,2026-06-06 07:00:00,Western Region,Gujarat,GJ_WIND_01,Wind,400,192.4,153.6,38.8,25.9,System security constraint enforced by NRLDC dispatcher,Grid Security,True,DOC-20260606-GU,Grid Security,0.888,classified,mismatch
EVT-2026-1012,2026-08-07 18:00:00,Southern Region,Tamil Nadu,TN_WIND_02,Wind,350,302.7,188.5,114.2,114.2,Grid security alert: voltage instability detected at Kayathar,Grid Security,True,DOC-20260807-TA,Grid Security,0.863,classified,confirmed
EVT-2026-1013,2026-07-30 16:00:00,Western Region,Gujarat,GJ_WIND_01,Wind,400,253.8,210.2,43.6,43.6,Economic dispatch instruction from SLDC control room,Commercial / Discom Request,True,DOC-20260730-GU,Commercial / Discom Request,0.898,classified,confirmed
EVT-2026-1014,2026-08-20 18:00:00,Western Region,Gujarat,GJ_WIND_01,Wind,400,163.7,146.4,17.3,17.3,Low demand period discom backing down request,Commercial / Discom Request,True,DOC-20260820-GU,Commercial / Discom Request,0.911,classified,confirmed
EVT-2026-1015,2026-07-26 08:00:00,Southern Region,Tamil Nadu,TN_SOLAR_01,Solar,500,353.6,232.6,121.0,121.0,System security constraint enforced by NRLDC dispatcher,Grid Security,True,DOC-20260726-TA,Grid Security,0.888,classified,confirmed
EVT-2026-1016,2026-08-20 16:00:00,Western Region,Rajasthan,RJ_SOLAR_01,Solar,1000,641.2,459.3,181.9,181.9,System security constraint enforced by NRLDC dispatcher,Grid Security,True,DOC-20260820-RA,Grid Security,0.888,classified,confirmed
EVT-2026-1017,2026-07-10 14:00:00,Southern Region,Tamil Nadu,TN_WIND_02,Wind,350,324.5,208.6,115.9,115.9,Transformer maintenance outage at evacuation yard,Maintenance / Outage,True,DOC-20260710-TA,Maintenance / Outage,0.873,classified,confirmed
EVT-2026-1018,2026-06-28 20:00:00,Western Region,Gujarat,GJ_WIND_01,Wind,400,173.9,116.5,57.4,37.9,Planned line clearance for grid upgrade work,Maintenance / Outage,True,DOC-20260628-GU,Maintenance / Outage,0.91,classified,mismatch
EVT-2026-1019,2026-06-30 12:00:00,Western Region,Madhya Pradesh,MP_SOLAR_01,Solar,500,235.1,197.4,37.7,37.7,Transformer maintenance outage at evacuation yard,Maintenance / Outage,True,DOC-20260630-MA,Maintenance / Outage,0.873,classified,confirmed
EVT-2026-1020,2026-06-30 19:00:00,Southern Region,Tamil Nadu,TN_WIND_02,Wind,350,243.2,154.2,89.0,89.0,Transmission congestion on Muppandal to Pavagada 765kV line,Transmission Constraint,True,DOC-20260630-TA,Transmission Constraint,0.818,classified,confirmed
EVT-2026-1021,2026-07-30 03:00:00,Southern Region,Tamil Nadu,TN_WIND_02,Wind,350,159.5,115.9,43.6,43.6,Planned line clearance for grid upgrade work,Maintenance / Outage,True,DOC-20260730-TA,Maintenance / Outage,0.91,classified,confirmed
EVT-2026-1022,2026-07-10 10:00:00,Southern Region,Andhra Pradesh,AP_SOLAR_02,Solar,450,370.0,303.2,66.8,66.8,"System frequency surge (50.07 Hz), active power curtailment executed",High Frequency,True,DOC-20260710-AN,High Frequency,0.91,classified,confirmed
EVT-2026-1023,2026-08-11 17:00:00,Southern Region,Karnataka,KA_SOLAR_01,Solar,600,497.5,350.0,147.5,147.5,N-1 contingency constraint triggered on evacuation line,Transmission Constraint,True,DOC-20260811-KA,Transmission Constraint,0.897,classified,confirmed
EVT-2026-1024,2026-08-14 11:00:00,Western Region,Rajasthan,RJ_SOLAR_01,Solar,1000,452.6,393.8,58.8,58.8,N-1 contingency constraint triggered on evacuation line,Transmission Constraint,True,DOC-20260814-RA,Transmission Constraint,0.897,classified,confirmed
EVT-2026-1025,2026-07-24 22:00:00,Southern Region,Tamil Nadu,TN_WIND_02,Wind,350,255.4,224.0,31.4,31.4,Transmission congestion on Bhuj to Khavda 765kV line,Transmission Constraint,True,DOC-20260724-TA,Transmission Constraint,0.837,classified,confirmed
EVT-2026-1026,2026-07-02 06:00:00,Western Region,Madhya Pradesh,MP_SOLAR_01,Solar,500,345.6,225.5,120.1,143.2,Reactive power compensation constraint at Kurnool grid,Grid Security,True,DOC-20260702-MA,Grid Security,0.863,classified,mismatch
EVT-2026-1027,2026-06-11 08:00:00,Western Region,Rajasthan,RJ_SOLAR_01,Solar,1000,750.1,616.0,134.1,134.1,Bay maintenance shutdown at Kurnool RE pooling station,Maintenance / Outage,True,DOC-20260611-RA,Maintenance / Outage,0.886,classified,confirmed
EVT-2026-1028,2026-06-04 09:00:00,Southern Region,Karnataka,KA_SOLAR_01,Solar,600,298.7,279.0,19.7,19.7,Substation maintenance work scheduled at Bhuj,Maintenance / Outage,True,DOC-20260604-KA,Maintenance / Outage,0.854,classified,confirmed
EVT-2026-1029,2026-07-14 07:00:00,Southern Region,Andhra Pradesh,AP_SOLAR_02,Solar,450,324.8,220.4,104.4,104.4,Low demand period discom backing down request,Commercial / Discom Request,True,DOC-20260714-AN,Commercial / Discom Request,0.911,classified,confirmed
EVT-2026-1030,2026-07-30 11:00:00,Western Region,Gujarat,GJ_WIND_01,Wind,400,218.8,199.6,19.2,19.2,Economic dispatch instruction from SLDC control room,Commercial / Discom Request,True,DOC-20260730-GU,Commercial / Discom Request,0.898,classified,confirmed
EVT-2026-1031,2026-08-14 17:00:00,Western Region,Madhya Pradesh,MP_SOLAR_01,Solar,500,201.1,150.0,51.1,51.1,Over-frequency condition (50.14 Hz) detected across regional grid,High Frequency,True,DOC-20260814-MA,High Frequency,0.873,classified,confirmed
EVT-2026-1032,2026-07-08 09:00:00,Western Region,Madhya Pradesh,MP_SOLAR_01,Solar,500,265.7,223.5,42.2,42.2,Emergency backing down to prevent grid failure at Tuticorin,Grid Security,True,DOC-20260708-MA,Grid Security,0.862,classified,confirmed
EVT-2026-1033,2026-07-05 15:00:00,Southern Region,Tamil Nadu,TN_WIND_02,Wind,350,243.8,151.9,91.9,91.9,Substation maintenance work scheduled at Muppandal,Maintenance / Outage,True,DOC-20260705-TA,Maintenance / Outage,0.854,classified,confirmed
EVT-2026-1034,2026-08-19 01:00:00,Western Region,Gujarat,GJ_WIND_01,Wind,400,160.9,145.6,15.3,15.3,Over-generation mitigation required for grid stability,Grid Security,True,DOC-20260819-GU,Grid Security,0.885,classified,confirmed
EVT-2026-1035,2026-08-14 15:00:00,Western Region,Rajasthan,RJ_SOLAR_01,Solar,1000,786.6,535.8,250.8,250.8,Bay maintenance shutdown at Rewa RE pooling station,Maintenance / Outage,True,DOC-20260814-RA,Maintenance / Outage,0.88,classified,confirmed
EVT-2026-1036,2026-06-22 09:00:00,Southern Region,Andhra Pradesh,AP_SOLAR_02,Solar,450,391.8,300.6,91.2,117.9,Grid security alert: voltage instability detected at Kurnool,Grid Security,True,DOC-20260622-AN,Grid Security,0.875,classified,mismatch
EVT-2026-1037,2026-06-15 17:00:00,Southern Region,Karnataka,KA_SOLAR_01,Solar,600,451.9,389.0,62.9,70.4,Commercial backing down order from state DISCOM (Tangedco),Commercial / Discom Request,True,DOC-20260615-KA,Commercial / Discom Request,0.83,classified,mismatch
EVT-2026-1038,2026-06-02 15:00:00,Western Region,Rajasthan,RJ_SOLAR_01,Solar,1000,568.6,383.0,185.6,185.6,Grid security alert: voltage instability detected at Kayathar,Grid Security,True,DOC-20260602-RA,Grid Security,0.863,classified,confirmed
EVT-2026-1039,2026-08-16 19:00:00,Western Region,Gujarat,GJ_WIND_01,Wind,400,241.7,206.1,35.6,35.6,Economic dispatch instruction from SLDC control room,Commercial / Discom Request,True,DOC-20260816-GU,Commercial / Discom Request,0.898,classified,confirmed
EVT-2026-1040,2026-06-22 23:00:00,Western Region,Gujarat,GJ_WIND_01,Wind,400,370.1,237.8,132.3,132.3,Transmission congestion on Bhuj to Bhadla 765kV line,Transmission Constraint,True,DOC-20260622-GU,Transmission Constraint,0.843,classified,confirmed
EVT-2026-1041,2026-07-19 12:00:00,Southern Region,Karnataka,KA_SOLAR_01,Solar,600,353.0,219.0,134.0,134.0,"System frequency surge (50.06 Hz), active power curtailment executed",High Frequency,True,DOC-20260719-KA,High Frequency,0.891,classified,confirmed
EVT-2026-1042,2026-06-13 09:00:00,Southern Region,Andhra Pradesh,AP_SOLAR_02,Solar,450,242.2,208.7,33.5,33.5,"Inter-regional corridor bottleneck, backing down required",Transmission Constraint,True,DOC-20260613-AN,Transmission Constraint,0.901,classified,confirmed
EVT-2026-1043,2026-07-01 20:00:00,Western Region,Gujarat,GJ_WIND_01,Wind,400,171.1,111.8,59.3,59.3,Frequency control directive: reduce generation immediately,High Frequency,True,DOC-20260701-GU,High Frequency,0.892,classified,confirmed
EVT-2026-1044,2026-06-12 15:00:00,Southern Region,Karnataka,KA_SOLAR_01,Solar,600,361.9,277.2,84.7,84.7,Frequency control directive: reduce generation immediately,High Frequency,True,DOC-20260612-KA,High Frequency,0.892,classified,confirmed
EVT-2026-1045,2026-07-16 07:00:00,Southern Region,Karnataka,KA_SOLAR_01,Solar,600,437.8,422.5,15.3,15.3,Reactive power compensation constraint at Bhadla grid,Grid Security,True,DOC-20260716-KA,Grid Security,0.881,classified,confirmed
EVT-2026-1046,2026-07-27 02:00:00,Western Region,Gujarat,GJ_WIND_01,Wind,400,320.0,282.5,37.5,37.5,Power surrender by buying utility due to off-peak tariff,Commercial / Discom Request,True,DOC-20260727-GU,Commercial / Discom Request,0.881,classified,confirmed
EVT-2026-1047,2026-08-17 12:00:00,Southern Region,Tamil Nadu,TN_WIND_02,Wind,350,279.3,206.5,72.8,72.8,Transmission congestion on Kayathar to Pavagada 765kV line,Transmission Constraint,True,DOC-20260817-TA,Transmission Constraint,0.804,classified,confirmed
EVT-2026-1048,2026-07-21 11:00:00,Western Region,Rajasthan,RJ_SOLAR_01,Solar,1000,462.0,409.2,52.8,52.8,Transmission line constraint at Khavda 400kV corridor,Transmission Constraint,True,DOC-20260721-RA,Transmission Constraint,0.875,classified,confirmed
EVT-2026-1049,2026-06-11 06:00:00,Southern Region,Tamil Nadu,TN_SOLAR_01,Solar,500,350.4,305.2,45.2,45.2,Power surrender by buying utility due to off-peak tariff,Commercial / Discom Request,True,DOC-20260611-TA,Commercial / Discom Request,0.881,classified,confirmed
EVT-2026-1050,2026-07-13 16:00:00,Southern Region,Tamil Nadu,TN_SOLAR_01,Solar,500,310.4,261.4,49.0,49.0,Planned line clearance for grid upgrade work,Maintenance / Outage,True,DOC-20260713-TA,Maintenance / Outage,0.91,classified,confirmed
EVT-2026-1051,2026-08-06 05:00:00,Southern Region,Tamil Nadu,TN_WIND_02,Wind,350,216.3,176.9,39.4,39.4,Bay maintenance shutdown at Rewa RE pooling station,Maintenance / Outage,True,DOC-20260806-TA,Maintenance / Outage,0.88,classified,confirmed
EVT-2026-1052,2026-08-08 17:00:00,Western Region,Madhya Pradesh,MP_SOLAR_01,Solar,500,325.6,284.5,41.1,41.1,Frequency control directive: reduce generation immediately,High Frequency,True,DOC-20260808-MA,High Frequency,0.892,classified,confirmed
EVT-2026-1053,2026-07-28 09:00:00,Western Region,Madhya Pradesh,MP_SOLAR_01,Solar,500,350.7,279.8,70.9,70.9,Over-frequency condition (50.08 Hz) detected across regional grid,High Frequency,True,DOC-20260728-MA,High Frequency,0.896,classified,confirmed
EVT-2026-1054,2026-07-24 11:00:00,Southern Region,Tamil Nadu,TN_SOLAR_01,Solar,500,301.1,246.2,54.9,54.9,Commercial backing down order from state DISCOM (Javvnl),Commercial / Discom Request,True,DOC-20260724-TA,Commercial / Discom Request,0.882,classified,confirmed
EVT-2026-1055,2026-08-08 06:00:00,Western Region,Gujarat,GJ_WIND_01,Wind,400,199.1,123.4,75.7,75.7,"System frequency surge (50.14 Hz), active power curtailment executed",High Frequency,True,DOC-20260808-GU,High Frequency,0.893,classified,confirmed
EVT-2026-1056,2026-06-30 15:00:00,Southern Region,Tamil Nadu,TN_SOLAR_01,Solar,500,411.9,268.8,143.1,143.1,Line loading exceeded thermal capacity limit at Bhadla,Transmission Constraint,True,DOC-20260630-TA,Transmission Constraint,0.885,classified,confirmed
EVT-2026-1057,2026-07-03 23:00:00,Western Region,Gujarat,GJ_WIND_01,Wind,400,199.5,177.7,21.8,21.8,DISCOM commercial request due to low demand period,Commercial / Discom Request,True,DOC-20260703-GU,Commercial / Discom Request,0.917,classified,confirmed
EVT-2026-1058,2026-08-17 00:00:00,Western Region,Gujarat,GJ_WIND_01,Wind,400,268.8,241.3,27.5,27.5,Over-frequency condition (50.12 Hz) detected across regional grid,High Frequency,True,DOC-20260817-GU,High Frequency,0.874,classified,confirmed
EVT-2026-1059,2026-06-19 06:00:00,Southern Region,Tamil Nadu,TN_SOLAR_01,Solar,500,450.3,283.7,166.6,166.6,"Frequency higher than statutory limit (50.15 Hz), RE reduction mandated",High Frequency,True,DOC-20260619-TA,High Frequency,0.87,classified,confirmed
EVT-2026-1060,2026-08-14 09:00:00,Western Region,Madhya Pradesh,MP_SOLAR_01,Solar,500,334.2,301.4,32.8,26.7,Grid security alert: voltage instability detected at Kurnool,Grid Security,True,DOC-20260814-MA,Grid Security,0.875,classified,mismatch
EVT-2026-1061,2026-06-14 02:00:00,Western Region,Gujarat,GJ_WIND_01,Wind,400,321.1,224.2,96.9,96.9,N-1 contingency constraint triggered on evacuation line,Transmission Constraint,True,DOC-20260614-GU,Transmission Constraint,0.897,classified,confirmed
EVT-2026-1062,2026-06-16 17:00:00,Southern Region,Andhra Pradesh,AP_SOLAR_02,Solar,450,383.6,248.4,135.2,135.2,Planned line clearance for grid upgrade work,Maintenance / Outage,True,DOC-20260616-AN,Maintenance / Outage,0.91,classified,confirmed
EVT-2026-1063,2026-06-29 14:00:00,Southern Region,Karnataka,KA_SOLAR_01,Solar,600,439.5,329.7,109.8,109.8,Transmission congestion on Rewa to Bhuj 765kV line,Transmission Constraint,True,DOC-20260629-KA,Transmission Constraint,0.805,classified,confirmed
EVT-2026-1064,2026-08-10 17:00:00,Southern Region,Tamil Nadu,TN_SOLAR_01,Solar,500,402.5,357.1,45.4,45.4,Over-frequency condition (50.13 Hz) detected across regional grid,High Frequency,True,DOC-20260810-TA,High Frequency,0.884,classified,confirmed
EVT-2026-1065,2026-06-07 13:00:00,Southern Region,Andhra Pradesh,AP_SOLAR_02,Solar,450,289.7,250.9,38.8,38.8,Protection relay testing shutdown at pooling station,Maintenance / Outage,True,DOC-20260607-AN,Maintenance / Outage,0.891,classified,confirmed
EVT-2026-1066,2026-07-02 07:00:00,Southern Region,Tamil Nadu,TN_WIND_02,Wind,350,160.1,133.9,26.2,26.2,DISCOM commercial request due to low demand period,Commercial / Discom Request,True,DOC-20260702-TA,Commercial / Discom Request,0.917,classified,confirmed
EVT-2026-1067,2026-07-14 14:00:00,Western Region,Rajasthan,RJ_SOLAR_01,Solar,1000,898.4,764.1,134.3,134.3,Protection relay testing shutdown at pooling station,Maintenance / Outage,True,DOC-20260714-RA,Maintenance / Outage,0.891,classified,confirmed
EVT-2026-1068,2026-06-22 15:00:00,Western Region,Gujarat,GJ_WIND_01,Wind,400,207.3,145.8,61.5,61.5,Economic dispatch instruction from SLDC control room,Commercial / Discom Request,True,DOC-20260622-GU,Commercial / Discom Request,0.898,classified,confirmed
EVT-2026-1069,2026-06-13 10:00:00,Southern Region,Tamil Nadu,TN_SOLAR_01,Solar,500,264.0,173.0,91.0,91.0,"High frequency in grid (50.14 Hz), backing down instructed by ERLDC",High Frequency,True,DOC-20260613-TA,High Frequency,0.871,classified,confirmed
EVT-2026-1070,2026-07-13 04:00:00,Southern Region,Tamil Nadu,TN_WIND_02,Wind,350,219.5,139.2,80.3,80.3,Reactive power compensation constraint at Bhadla grid,Grid Security,True,DOC-20260713-TA,Grid Security,0.881,classified,confirmed
EVT-2026-1071,2026-07-23 09:00:00,Western Region,Gujarat,GJ_WIND_01,Wind,400,259.2,163.2,96.0,96.0,Transformer maintenance outage at evacuation yard,Maintenance / Outage,True,DOC-20260723-GU,Maintenance / Outage,0.873,classified,confirmed
EVT-2026-1072,2026-07-08 19:00:00,Southern Region,Tamil Nadu,TN_WIND_02,Wind,350,282.5,228.5,54.0,56.6,N-1 contingency constraint triggered on evacuation line,Transmission Constraint,True,DOC-20260708-TA,Transmission Constraint,0.897,classified,confirmed
EVT-2026-1073,2026-06-13 11:00:00,Western Region,Madhya Pradesh,MP_SOLAR_01,Solar,500,387.7,331.4,56.3,56.3,System security constraint enforced by NRLDC dispatcher,Grid Security,True,DOC-20260613-MA,Grid Security,0.888,classified,confirmed
EVT-2026-1074,2026-07-23 23:00:00,Southern Region,Tamil Nadu,TN_WIND_02,Wind,350,308.8,289.7,19.1,19.1,Line loading exceeded thermal capacity limit at Khavda,Transmission Constraint,True,DOC-20260723-TA,Transmission Constraint,0.887,classified,confirmed
EVT-2026-1075,2026-08-08 05:00:00,Southern Region,Tamil Nadu,TN_WIND_02,Wind,350,215.4,165.8,49.6,58.2,Transformer maintenance outage at evacuation yard,Maintenance / Outage,True,DOC-20260808-TA,Maintenance / Outage,0.873,classified,mismatch
EVT-2026-1076,2026-07-24 09:00:00,Southern Region,Tamil Nadu,TN_SOLAR_01,Solar,500,277.5,254.4,23.1,23.1,N-1 contingency constraint triggered on evacuation line,Transmission Constraint,True,DOC-20260724-TA,Transmission Constraint,0.897,classified,confirmed
EVT-2026-1077,2026-06-27 23:00:00,Southern Region,Tamil Nadu,TN_WIND_02,Wind,350,184.8,128.2,56.6,56.6,Frequency control directive: reduce generation immediately,High Frequency,True,DOC-20260627-TA,High Frequency,0.892,classified,confirmed
EVT-2026-1078,2026-06-26 03:00:00,Western Region,Gujarat,GJ_WIND_01,Wind,400,289.7,231.6,58.1,58.1,"System frequency surge (50.1 Hz), active power curtailment executed",High Frequency,True,DOC-20260626-GU,High Frequency,0.904,classified,confirmed
EVT-2026-1079,2026-06-25 11:00:00,Western Region,Rajasthan,RJ_SOLAR_01,Solar,1000,498.5,408.6,89.9,89.9,Power surrender by buying utility due to off-peak tariff,Commercial / Discom Request,True,DOC-20260625-RA,Commercial / Discom Request,0.881,classified,confirmed
EVT-2026-1080,2026-08-16 06:00:00,Southern Region,Tamil Nadu,TN_SOLAR_01,Solar,500,255.6,176.9,78.7,78.7,Substation maintenance work scheduled at Khavda,Maintenance / Outage,True,DOC-20260816-TA,Maintenance / Outage,0.851,classified,confirmed
EVT-2026-1081,2026-07-07 11:00:00,Western Region,Gujarat,GJ_WIND_01,Wind,400,307.1,263.8,43.3,43.3,Bay maintenance shutdown at Muppandal RE pooling station,Maintenance / Outage,True,DOC-20260707-GU,Maintenance / Outage,0.893,classified,confirmed
EVT-2026-1082,2026-07-06 18:00:00,Southern Region,Tamil Nadu,TN_SOLAR_01,Solar,500,407.8,306.8,101.0,106.1,Low demand period discom backing down request,Commercial / Discom Request,True,DOC-20260706-TA,Commercial / Discom Request,0.911,classified,mismatch
EVT-2026-1083,2026-07-31 07:00:00,Southern Region,Karnataka,KA_SOLAR_01,Solar,600,332.1,251.1,81.0,81.0,Transformer maintenance outage at evacuation yard,Maintenance / Outage,True,DOC-20260731-KA,Maintenance / Outage,0.873,classified,confirmed
EVT-2026-1084,2026-06-18 14:00:00,Western Region,Madhya Pradesh,MP_SOLAR_01,Solar,500,264.4,189.9,74.5,74.5,Grid security alert: voltage instability detected at Rewa,Grid Security,True,DOC-20260618-MA,Grid Security,0.869,classified,confirmed
EVT-2026-1085,2026-07-31 18:00:00,Southern Region,Karnataka,KA_SOLAR_01,Solar,600,394.9,275.6,119.3,124.5,Low demand period discom backing down request,Commercial / Discom Request,True,DOC-20260731-KA,Commercial / Discom Request,0.911,classified,mismatch
EVT-2026-1086,2026-08-16 15:00:00,Southern Region,Tamil Nadu,TN_SOLAR_01,Solar,500,473.8,336.5,137.3,137.3,Over-generation mitigation required for grid stability,Grid Security,True,DOC-20260816-TA,Grid Security,0.885,classified,confirmed
EVT-2026-1087,2026-07-06 03:00:00,Western Region,Gujarat,GJ_WIND_01,Wind,400,299.1,203.8,95.3,95.3,N-1 contingency constraint triggered on evacuation line,Transmission Constraint,True,DOC-20260706-GU,Transmission Constraint,0.897,classified,confirmed
EVT-2026-1088,2026-06-09 18:00:00,Southern Region,Tamil Nadu,TN_WIND_02,Wind,350,187.0,169.7,17.3,17.3,Substation maintenance work scheduled at Tuticorin,Maintenance / Outage,True,DOC-20260609-TA,Maintenance / Outage,0.869,classified,confirmed
EVT-2026-1089,2026-08-17 15:00:00,Western Region,Madhya Pradesh,MP_SOLAR_01,Solar,500,261.3,204.9,56.4,75.9,Transformer maintenance outage at evacuation yard,Maintenance / Outage,True,DOC-20260817-MA,Maintenance / Outage,0.873,classified,mismatch
EVT-2026-1090,2026-08-09 16:00:00,Western Region,Rajasthan,RJ_SOLAR_01,Solar,1000,526.9,412.1,114.8,114.8,Transmission line constraint at Khavda 400kV corridor,Transmission Constraint,True,DOC-20260809-RA,Transmission Constraint,0.875,classified,confirmed
EVT-2026-1091,2026-07-04 13:00:00,Southern Region,Tamil Nadu,TN_SOLAR_01,Solar,500,223.4,173.4,50.0,50.0,Bay maintenance shutdown at Kurnool RE pooling station,Maintenance / Outage,True,DOC-20260704-TA,Maintenance / Outage,0.886,classified,confirmed
EVT-2026-1092,2026-06-11 12:00:00,Western Region,Madhya Pradesh,MP_SOLAR_01,Solar,500,261.5,236.4,25.1,25.1,"Inter-regional corridor bottleneck, backing down required",Transmission Constraint,True,DOC-20260611-MA,Transmission Constraint,0.901,classified,confirmed
EVT-2026-1093,2026-08-06 16:00:00,Southern Region,Tamil Nadu,TN_SOLAR_01,Solar,500,314.8,284.6,30.2,40.8,Protection relay testing shutdown at pooling station,Maintenance / Outage,True,DOC-20260806-TA,Maintenance / Outage,0.891,classified,mismatch
EVT-2026-1094,2026-08-13 15:00:00,Western Region,Rajasthan,RJ_SOLAR_01,Solar,1000,920.3,713.6,206.7,206.7,Grid security alert: voltage instability detected at Kayathar,Grid Security,True,DOC-20260813-RA,Grid Security,0.863,classified,confirmed
EVT-2026-1095,2026-06-26 12:00:00,Southern Region,Karnataka,KA_SOLAR_01,Solar,600,293.6,253.0,40.6,40.6,Protection relay testing shutdown at pooling station,Maintenance / Outage,True,DOC-20260626-KA,Maintenance / Outage,0.891,classified,confirmed
EVT-2026-1096,2026-08-07 18:00:00,Southern Region,Karnataka,KA_SOLAR_01,Solar,600,441.0,356.2,84.8,84.8,Frequency control directive: reduce generation immediately,High Frequency,True,DOC-20260807-KA,High Frequency,0.892,classified,confirmed
EVT-2026-1097,2026-06-10 11:00:00,Southern Region,Andhra Pradesh,AP_SOLAR_02,Solar,450,230.7,181.4,49.3,49.3,"Inter-regional corridor bottleneck, backing down required",Transmission Constraint,True,DOC-20260610-AN,Transmission Constraint,0.901,classified,confirmed
EVT-2026-1098,2026-07-28 03:00:00,Western Region,Gujarat,GJ_WIND_01,Wind,400,302.8,218.8,84.0,84.0,"High frequency in grid (50.07 Hz), backing down instructed by ERLDC",High Frequency,True,DOC-20260728-GU,High Frequency,0.89,classified,confirmed
EVT-2026-1099,2026-07-12 16:00:00,Southern Region,Andhra Pradesh,AP_SOLAR_02,Solar,450,185.2,111.3,73.9,73.9,Protection relay testing shutdown at pooling station,Maintenance / Outage,True,DOC-20260712-AN,Maintenance / Outage,0.891,classified,confirmed
EVT-2026-1100,2026-07-21 08:00:00,Southern Region,Tamil Nadu,TN_SOLAR_01,Solar,500,283.3,207.9,75.4,75.4,Economic dispatch instruction from SLDC control room,Commercial / Discom Request,True,DOC-20260721-TA,Commercial / Discom Request,0.898,classified,confirmed
EVT-2026-1101,2026-06-06 08:00:00,Western Region,Madhya Pradesh,MP_SOLAR_01,Solar,500,457.7,401.1,56.6,56.6,System security constraint enforced by ERLDC dispatcher,Grid Security,True,DOC-20260606-MA,Grid Security,0.877,classified,confirmed
EVT-2026-1102,2026-07-24 06:00:00,Southern Region,Karnataka,KA_SOLAR_01,Solar,600,566.7,430.4,136.3,176.7,Low demand period discom backing down request,Commercial / Discom Request,True,DOC-20260724-KA,Commercial / Discom Request,0.911,classified,mismatch
EVT-2026-1103,2026-08-06 00:00:00,Southern Region,Tamil Nadu,TN_WIND_02,Wind,350,205.6,158.7,46.9,46.9,Substation maintenance work scheduled at Kurnool,Maintenance / Outage,True,DOC-20260806-TA,Maintenance / Outage,0.868,classified,confirmed
EVT-2026-1104,2026-06-09 12:00:00,Western Region,Gujarat,GJ_WIND_01,Wind,400,293.4,194.8,98.6,98.6,"System frequency surge (50.06 Hz), active power curtailment executed",High Frequency,True,DOC-20260609-GU,High Frequency,0.891,classified,confirmed
EVT-2026-1105,2026-06-11 10:00:00,Southern Region,Tamil Nadu,TN_WIND_02,Wind,350,171.3,118.1,53.2,53.2,"System frequency surge (50.1 Hz), active power curtailment executed",High Frequency,True,DOC-20260611-TA,High Frequency,0.904,classified,confirmed
EVT-2026-1106,2026-06-01 14:00:00,Southern Region,Tamil Nadu,TN_SOLAR_01,Solar,500,214.5,184.7,29.8,29.8,"Frequency higher than statutory limit (50.14 Hz), RE reduction mandated",High Frequency,True,DOC-20260601-TA,High Frequency,0.886,classified,confirmed
EVT-2026-1107,2026-07-11 10:00:00,Western Region,Madhya Pradesh,MP_SOLAR_01,Solar,500,400.3,369.1,31.2,31.2,Power surrender by buying utility due to off-peak tariff,Commercial / Discom Request,True,DOC-20260711-MA,Commercial / Discom Request,0.881,classified,confirmed
EVT-2026-1108,2026-07-02 15:00:00,Western Region,Madhya Pradesh,MP_SOLAR_01,Solar,500,251.5,216.2,35.3,35.3,Transmission line constraint at Bhuj 400kV corridor,Transmission Constraint,True,DOC-20260702-MA,Transmission Constraint,0.859,classified,confirmed
EVT-2026-1109,2026-07-30 07:00:00,Western Region,Madhya Pradesh,MP_SOLAR_01,Solar,500,248.7,218.9,29.8,29.8,"System frequency surge (50.13 Hz), active power curtailment executed",High Frequency,True,DOC-20260730-MA,High Frequency,0.901,classified,confirmed
EVT-2026-1110,2026-07-16 16:00:00,Western Region,Madhya Pradesh,MP_SOLAR_01,Solar,500,366.7,272.5,94.2,94.2,Reactive power compensation constraint at Tuticorin grid,Grid Security,True,DOC-20260716-MA,Grid Security,0.886,classified,confirmed
EVT-2026-1111,2026-08-12 10:00:00,Southern Region,Andhra Pradesh,AP_SOLAR_02,Solar,450,208.6,189.0,19.6,19.6,Planned line clearance for grid upgrade work,Maintenance / Outage,True,DOC-20260812-AN,Maintenance / Outage,0.91,classified,confirmed
EVT-2026-1112,2026-08-11 10:00:00,Southern Region,Andhra Pradesh,AP_SOLAR_02,Solar,450,230.8,202.9,27.9,27.9,Commercial backing down order from state DISCOM (Bescom),Commercial / Discom Request,True,DOC-20260811-AN,Commercial / Discom Request,0.854,classified,confirmed
EVT-2026-1113,2026-06-19 21:00:00,Southern Region,Tamil Nadu,TN_WIND_02,Wind,350,310.1,243.6,66.5,66.5,Over-generation mitigation required for grid stability,Grid Security,True,DOC-20260619-TA,Grid Security,0.885,classified,confirmed
EVT-2026-1114,2026-06-27 15:00:00,Southern Region,Tamil Nadu,TN_WIND_02,Wind,350,158.6,111.8,46.8,40.3,Grid security alert: voltage instability detected at Tuticorin,Grid Security,True,DOC-20260627-TA,Grid Security,0.866,classified,mismatch
EVT-2026-1115,2026-07-28 15:00:00,Western Region,Madhya Pradesh,MP_SOLAR_01,Solar,500,351.1,284.6,66.5,66.5,Transmission line constraint at Bhadla 400kV corridor,Transmission Constraint,True,DOC-20260728-MA,Transmission Constraint,0.84,classified,confirmed
EVT-2026-1116,2026-06-04 02:00:00,Western Region,Gujarat,GJ_WIND_01,Wind,400,243.3,152.2,91.1,91.1,Over-frequency condition (50.1 Hz) detected across regional grid,High Frequency,True,DOC-20260604-GU,High Frequency,0.889,classified,confirmed
EVT-2026-1117,2026-06-19 15:00:00,Western Region,Rajasthan,RJ_SOLAR_01,Solar,1000,419.1,293.2,125.9,125.9,System security constraint enforced by NRLDC dispatcher,Grid Security,True,DOC-20260619-RA,Grid Security,0.888,classified,confirmed
EVT-2026-1118,2026-06-27 21:00:00,Southern Region,Tamil Nadu,TN_WIND_02,Wind,350,271.1,198.6,72.5,72.5,Planned line clearance for grid upgrade work,Maintenance / Outage,True,DOC-20260627-TA,Maintenance / Outage,0.91,classified,confirmed
EVT-2026-1119,2026-06-22 15:00:00,Western Region,Rajasthan,RJ_SOLAR_01,Solar,1000,611.7,498.3,113.4,113.4,Commercial backing down order from state DISCOM (Discom-West),Commercial / Discom Request,True,DOC-20260622-RA,Commercial / Discom Request,0.81,classified,confirmed
EVT-2026-1120,2026-06-25 06:00:00,Southern Region,Andhra Pradesh,AP_SOLAR_02,Solar,450,331.1,288.4,42.7,42.7,Transmission congestion on Kayathar to Rewa 765kV line,Transmission Constraint,True,DOC-20260625-AN,Transmission Constraint,0.798,classified,confirmed
EVT-2026-1121,2026-08-18 11:00:00,Southern Region,Karnataka,KA_SOLAR_01,Solar,600,417.9,252.6,165.3,188.6,Grid security alert: voltage instability detected at Kurnool,Grid Security,True,DOC-20260818-KA,Grid Security,0.875,classified,mismatch
EVT-2026-1122,2026-07-21 15:00:00,Southern Region,Tamil Nadu,TN_WIND_02,Wind,350,215.9,159.9,56.0,56.0,Economic dispatch instruction from SLDC control room,Commercial / Discom Request,True,DOC-20260721-TA,Commercial / Discom Request,0.898,classified,confirmed
EVT-2026-1123,2026-06-25 16:00:00,Western Region,Gujarat,GJ_WIND_01,Wind,400,338.4,316.1,22.3,22.3,Bay maintenance shutdown at Bhuj RE pooling station,Maintenance / Outage,True,DOC-20260625-GU,Maintenance / Outage,0.892,classified,confirmed
EVT-2026-1124,2026-06-10 10:00:00,Western Region,Rajasthan,RJ_SOLAR_01,Solar,1000,902.7,828.5,74.2,74.2,Reactive power compensation constraint at Khavda grid,Grid Security,True,DOC-20260610-RA,Grid Security,0.871,classified,confirmed
EVT-2026-1125,2026-06-10 23:00:00,Western Region,Gujarat,GJ_WIND_01,Wind,400,334.7,314.6,20.1,27.4,Transformer maintenance outage at evacuation yard,Maintenance / Outage,True,DOC-20260610-GU,Maintenance / Outage,0.873,classified,mismatch
EVT-2026-1126,2026-07-14 09:00:00,Western Region,Rajasthan,RJ_SOLAR_01,Solar,1000,513.8,321.9,191.9,191.9,Transmission line constraint at Khavda 400kV corridor,Transmission Constraint,True,DOC-20260714-RA,Transmission Constraint,0.875,classified,confirmed
EVT-2026-1127,2026-07-01 08:00:00,Western Region,Rajasthan,RJ_SOLAR_01,Solar,1000,675.1,578.7,96.4,96.4,System security constraint enforced by ERLDC dispatcher,Grid Security,True,DOC-20260701-RA,Grid Security,0.877,classified,confirmed
EVT-2026-1128,2026-06-23 09:00:00,Southern Region,Tamil Nadu,TN_SOLAR_01,Solar,500,454.5,410.7,43.8,32.4,Substation maintenance work scheduled at Kayathar,Maintenance / Outage,True,DOC-20260623-TA,Maintenance / Outage,0.848,classified,mismatch
EVT-2026-1129,2026-06-10 18:00:00,Southern Region,Tamil Nadu,TN_SOLAR_01,Solar,500,216.6,162.6,54.0,66.2,Over-frequency condition (50.05 Hz) detected across regional grid,High Frequency,True,DOC-20260610-TA,High Frequency,0.872,classified,mismatch
EVT-2026-1130,2026-06-26 08:00:00,Western Region,Gujarat,GJ_WIND_01,Wind,400,331.7,306.6,25.1,25.1,Bay maintenance shutdown at Khavda RE pooling station,Maintenance / Outage,True,DOC-20260626-GU,Maintenance / Outage,0.873,classified,confirmed
EVT-2026-1131,2026-06-03 15:00:00,Western Region,Rajasthan,RJ_SOLAR_01,Solar,1000,541.9,326.0,215.9,215.9,Transmission congestion on Khavda to Kurnool 765kV line,Transmission Constraint,True,DOC-20260603-RA,Transmission Constraint,0.829,classified,confirmed
EVT-2026-1132,2026-07-17 09:00:00,Western Region,Rajasthan,RJ_SOLAR_01,Solar,1000,897.4,682.3,215.1,285.8,Transmission congestion on Tuticorin to Muppandal 765kV line,Transmission Constraint,True,DOC-20260717-RA,Transmission Constraint,0.817,classified,mismatch
EVT-2026-1133,2026-08-06 10:00:00,Southern Region,Tamil Nadu,TN_SOLAR_01,Solar,500,336.8,260.0,76.8,76.8,"Frequency higher than statutory limit (50.06 Hz), RE reduction mandated",High Frequency,True,DOC-20260806-TA,High Frequency,0.884,classified,confirmed
EVT-2026-1134,2026-07-25 15:00:00,Western Region,Rajasthan,RJ_SOLAR_01,Solar,1000,862.8,711.1,151.7,151.7,Substation maintenance work scheduled at Kayathar,Maintenance / Outage,True,DOC-20260725-RA,Maintenance / Outage,0.848,classified,confirmed
EVT-2026-1135,2026-07-26 18:00:00,Southern Region,Tamil Nadu,TN_SOLAR_01,Solar,500,245.4,207.2,38.2,38.2,Power surrender by buying utility due to off-peak tariff,Commercial / Discom Request,True,DOC-20260726-TA,Commercial / Discom Request,0.881,classified,confirmed
EVT-2026-1136,2026-06-13 14:00:00,Southern Region,Andhra Pradesh,AP_SOLAR_02,Solar,450,368.8,232.8,136.0,136.0,Commercial backing down order from state DISCOM (Javvnl),Commercial / Discom Request,True,DOC-20260613-AN,Commercial / Discom Request,0.882,classified,confirmed
EVT-2026-1137,2026-07-14 18:00:00,Southern Region,Tamil Nadu,TN_SOLAR_01,Solar,500,454.2,348.6,105.6,105.6,Frequency control directive: reduce generation immediately,High Frequency,True,DOC-20260714-TA,High Frequency,0.892,classified,confirmed
EVT-2026-1138,2026-08-04 07:00:00,Western Region,Madhya Pradesh,MP_SOLAR_01,Solar,500,259.4,231.1,28.3,28.3,DISCOM commercial request due to low demand period,Commercial / Discom Request,True,DOC-20260804-MA,Commercial / Discom Request,0.917,classified,confirmed
EVT-2026-1139,2026-06-18 10:00:00,Southern Region,Tamil Nadu,TN_WIND_02,Wind,350,147.1,93.5,53.6,53.6,Frequency control directive: reduce generation immediately,High Frequency,True,DOC-20260618-TA,High Frequency,0.892,classified,confirmed
EVT-2026-1140,2026-07-31 08:00:00,Southern Region,Andhra Pradesh,AP_SOLAR_02,Solar,450,228.9,203.7,25.2,30.3,Substation maintenance work scheduled at Tuticorin,Maintenance / Outage,True,DOC-20260731-AN,Maintenance / Outage,0.869,classified,mismatch
EVT-2026-1141,2026-07-16 14:00:00,Western Region,Madhya Pradesh,MP_SOLAR_01,Solar,500,247.5,198.2,49.3,49.3,Substation maintenance work scheduled at Kurnool,Maintenance / Outage,True,DOC-20260716-MA,Maintenance / Outage,0.868,classified,confirmed
EVT-2026-1142,2026-08-02 17:00:00,Western Region,Rajasthan,RJ_SOLAR_01,Solar,1000,708.3,573.1,135.2,135.2,Reactive power compensation constraint at Tuticorin grid,Grid Security,True,DOC-20260802-RA,Grid Security,0.886,classified,confirmed
EVT-2026-1143,2026-07-03 15:00:00,Southern Region,Andhra Pradesh,AP_SOLAR_02,Solar,450,221.6,179.1,42.5,26.8,Transformer maintenance outage at evacuation yard,Maintenance / Outage,True,DOC-20260703-AN,Maintenance / Outage,0.873,classified,mismatch
EVT-2026-1144,2026-06-21 18:00:00,Southern Region,Karnataka,KA_SOLAR_01,Solar,600,549.9,533.1,16.8,16.8,Over-generation mitigation required for grid stability,Grid Security,True,DOC-20260621-KA,Grid Security,0.885,classified,confirmed
EVT-2026-1145,2026-07-27 15:00:00,Southern Region,Tamil Nadu,TN_WIND_02,Wind,350,156.8,105.1,51.7,51.7,Emergency backing down to prevent grid failure at Muppandal,Grid Security,True,DOC-20260727-TA,Grid Security,0.863,classified,confirmed
EVT-2026-1146,2026-07-07 10:00:00,Southern Region,Karnataka,KA_SOLAR_01,Solar,600,558.5,470.9,87.6,83.6,Over-generation mitigation required for grid stability,Grid Security,True,DOC-20260707-KA,Grid Security,0.885,classified,confirmed
EVT-2026-1147,2026-06-27 12:00:00,Western Region,Madhya Pradesh,MP_SOLAR_01,Solar,500,451.1,286.3,164.8,164.8,Transmission line constraint at Muppandal 400kV corridor,Transmission Constraint,True,DOC-20260627-MA,Transmission Constraint,0.852,classified,confirmed
EVT-2026-1148,2026-07-09 18:00:00,Western Region,Gujarat,GJ_WIND_01,Wind,400,334.9,220.2,114.7,114.7,N-1 contingency constraint triggered on evacuation line,Transmission Constraint,True,DOC-20260709-GU,Transmission Constraint,0.897,classified,confirmed
EVT-2026-1149,2026-08-12 17:00:00,Southern Region,Tamil Nadu,TN_SOLAR_01,Solar,500,229.9,204.0,25.9,25.9,Over-generation mitigation required for grid stability,Grid Security,True,DOC-20260812-TA,Grid Security,0.885,classified,confirmed
EVT-2026-1150,2026-07-09 16:00:00,Southern Region,Karnataka,KA_SOLAR_01,Solar,600,278.1,243.9,34.2,34.2,"System frequency surge (50.11 Hz), active power curtailment executed",High Frequency,True,DOC-20260709-KA,High Frequency,0.873,classified,confirmed
EVT-2026-1151,2026-06-13 06:00:00,Western Region,Rajasthan,RJ_SOLAR_01,Solar,1000,658.9,502.8,156.1,156.1,Grid security alert: voltage instability detected at Muppandal,Grid Security,True,DOC-20260613-RA,Grid Security,0.872,classified,confirmed
EVT-2026-1152,2026-07-11 11:00:00,Western Region,Madhya Pradesh,MP_SOLAR_01,Solar,500,301.6,194.0,107.6,107.6,Planned line clearance for grid upgrade work,Maintenance / Outage,True,DOC-20260711-MA,Maintenance / Outage,0.91,classified,confirmed
EVT-2026-1153,2026-06-19 07:00:00,Southern Region,Tamil Nadu,TN_WIND_02,Wind,350,275.5,252.3,23.2,23.2,Bay maintenance shutdown at Tuticorin RE pooling station,Maintenance / Outage,True,DOC-20260619-TA,Maintenance / Outage,0.894,classified,confirmed
EVT-2026-1154,2026-06-30 06:00:00,Southern Region,Tamil Nadu,TN_WIND_02,Wind,350,185.5,127.8,57.7,37.9,Over-frequency condition (50.14 Hz) detected across regional grid,High Frequency,True,DOC-20260630-TA,High Frequency,0.873,classified,mismatch
EVT-2026-1155,2026-06-06 17:00:00,Western Region,Madhya Pradesh,MP_SOLAR_01,Solar,500,249.7,196.2,53.5,53.5,N-1 contingency constraint triggered on evacuation line,Transmission Constraint,True,DOC-20260606-MA,Transmission Constraint,0.897,classified,confirmed
EVT-2026-1156,2026-08-03 17:00:00,Western Region,Madhya Pradesh,MP_SOLAR_01,Solar,500,434.6,285.4,149.2,192.3,Planned line clearance for grid upgrade work,Maintenance / Outage,True,DOC-20260803-MA,Maintenance / Outage,0.91,classified,mismatch
EVT-2026-1157,2026-08-08 10:00:00,Southern Region,Karnataka,KA_SOLAR_01,Solar,600,455.2,317.4,137.8,137.8,Bay maintenance shutdown at Bhadla RE pooling station,Maintenance / Outage,True,DOC-20260808-KA,Maintenance / Outage,0.898,classified,confirmed
EVT-2026-1158,2026-06-28 17:00:00,Western Region,Rajasthan,RJ_SOLAR_01,Solar,1000,866.6,567.8,298.8,298.8,Low demand period discom backing down request,Commercial / Discom Request,True,DOC-20260628-RA,Commercial / Discom Request,0.911,classified,confirmed
EVT-2026-1159,2026-07-23 10:00:00,Southern Region,Andhra Pradesh,AP_SOLAR_02,Solar,450,425.9,297.3,128.6,130.7,Over-generation mitigation required for grid stability,Grid Security,True,DOC-20260723-AN,Grid Security,0.885,classified,confirmed
EVT-2026-1160,2026-07-14 19:00:00,Southern Region,Tamil Nadu,TN_WIND_02,Wind,350,288.1,224.1,64.0,38.6,Transmission congestion on Kurnool to Bhuj 765kV line,Transmission Constraint,True,DOC-20260714-TA,Transmission Constraint,0.834,classified,mismatch
EVT-2026-1161,2026-06-17 18:00:00,Southern Region,Tamil Nadu,TN_WIND_02,Wind,350,322.5,280.8,41.7,41.7,DISCOM commercial request due to low demand period,Commercial / Discom Request,True,DOC-20260617-TA,Commercial / Discom Request,0.917,classified,confirmed
EVT-2026-1162,2026-06-11 07:00:00,Western Region,Rajasthan,RJ_SOLAR_01,Solar,1000,636.4,401.0,235.4,235.4,Planned line clearance for grid upgrade work,Maintenance / Outage,True,DOC-20260611-RA,Maintenance / Outage,0.91,classified,confirmed
EVT-2026-1163,2026-06-04 18:00:00,Southern Region,Tamil Nadu,TN_SOLAR_01,Solar,500,306.4,288.1,18.3,18.3,Over-generation mitigation required for grid stability,Grid Security,True,DOC-20260604-TA,Grid Security,0.885,classified,confirmed
EVT-2026-1164,2026-06-01 10:00:00,Western Region,Rajasthan,RJ_SOLAR_01,Solar,1000,749.7,608.4,141.3,141.3,"Frequency higher than statutory limit (50.07 Hz), RE reduction mandated",High Frequency,True,DOC-20260601-RA,High Frequency,0.903,classified,confirmed
EVT-2026-1165,2026-07-26 11:00:00,Western Region,Gujarat,GJ_WIND_01,Wind,400,255.6,215.4,40.2,40.2,Economic dispatch instruction from SLDC control room,Commercial / Discom Request,True,DOC-20260726-GU,Commercial / Discom Request,0.898,classified,confirmed
EVT-2026-1166,2026-08-17 09:00:00,Western Region,Madhya Pradesh,MP_SOLAR_01,Solar,500,406.7,373.8,32.9,32.9,Reactive power compensation constraint at Bhadla grid,Grid Security,True,DOC-20260817-MA,Grid Security,0.881,classified,confirmed
EVT-2026-1167,2026-07-02 16:00:00,Western Region,Rajasthan,RJ_SOLAR_01,Solar,1000,646.6,447.2,199.4,196.1,Economic dispatch instruction from SLDC control room,Commercial / Discom Request,True,DOC-20260702-RA,Commercial / Discom Request,0.898,classified,confirmed
EVT-2026-1168,2026-06-28 07:00:00,Western Region,Madhya Pradesh,MP_SOLAR_01,Solar,500,421.8,334.9,86.9,86.9,"Frequency higher than statutory limit (50.05 Hz), RE reduction mandated",High Frequency,True,DOC-20260628-MA,High Frequency,0.885,classified,confirmed
EVT-2026-1169,2026-08-19 15:00:00,Southern Region,Tamil Nadu,TN_SOLAR_01,Solar,500,275.4,187.3,88.1,88.1,Transformer maintenance outage at evacuation yard,Maintenance / Outage,True,DOC-20260819-TA,Maintenance / Outage,0.873,classified,confirmed
EVT-2026-1170,2026-06-22 15:00:00,Western Region,Madhya Pradesh,MP_SOLAR_01,Solar,500,466.2,341.1,125.1,125.1,Power surrender by buying utility due to off-peak tariff,Commercial / Discom Request,True,DOC-20260622-MA,Commercial / Discom Request,0.881,classified,confirmed
EVT-2026-1171,2026-07-03 15:00:00,Southern Region,Andhra Pradesh,AP_SOLAR_02,Solar,450,387.3,301.5,85.8,85.8,Planned line clearance for grid upgrade work,Maintenance / Outage,True,DOC-20260703-AN,Maintenance / Outage,0.91,classified,confirmed
EVT-2026-1172,2026-07-10 11:00:00,Western Region,Madhya Pradesh,MP_SOLAR_01,Solar,500,420.9,318.6,102.3,102.3,Economic dispatch instruction from SLDC control room,Commercial / Discom Request,True,DOC-20260710-MA,Commercial / Discom Request,0.898,classified,confirmed
EVT-2026-1173,2026-06-10 15:00:00,Southern Region,Tamil Nadu,TN_SOLAR_01,Solar,500,315.2,236.4,78.8,78.8,Low demand period discom backing down request,Commercial / Discom Request,True,DOC-20260610-TA,Commercial / Discom Request,0.911,classified,confirmed
EVT-2026-1174,2026-07-04 03:00:00,Western Region,Gujarat,GJ_WIND_01,Wind,400,266.4,213.6,52.8,52.8,System security constraint enforced by ERLDC dispatcher,Grid Security,True,DOC-20260704-GU,Grid Security,0.877,classified,confirmed
EVT-2026-1175,2026-06-09 14:00:00,Western Region,Rajasthan,RJ_SOLAR_01,Solar,1000,930.4,903.0,27.4,27.4,Over-frequency condition (50.07 Hz) detected across regional grid,High Frequency,True,DOC-20260609-RA,High Frequency,0.895,classified,confirmed
EVT-2026-1176,2026-07-24 10:00:00,Southern Region,Andhra Pradesh,AP_SOLAR_02,Solar,450,357.5,252.4,105.1,105.1,Low demand period discom backing down request,Commercial / Discom Request,True,DOC-20260724-AN,Commercial / Discom Request,0.911,classified,confirmed
EVT-2026-1177,2026-07-10 18:00:00,Southern Region,Karnataka,KA_SOLAR_01,Solar,600,255.1,168.8,86.3,86.3,Bay maintenance shutdown at Bhadla RE pooling station,Maintenance / Outage,True,DOC-20260710-KA,Maintenance / Outage,0.898,classified,confirmed
EVT-2026-1178,2026-07-15 08:00:00,Southern Region,Karnataka,KA_SOLAR_01,Solar,600,245.4,170.5,74.9,74.9,Commercial backing down order from state DISCOM (Bescom),Commercial / Discom Request,True,DOC-20260715-KA,Commercial / Discom Request,0.854,classified,confirmed
EVT-2026-1179,2026-07-12 19:00:00,Southern Region,Tamil Nadu,TN_WIND_02,Wind,350,198.2,156.4,41.8,41.8,Over-generation mitigation required for grid stability,Grid Security,True,DOC-20260712-TA,Grid Security,0.885,classified,confirmed
EVT-2026-1180,2026-08-08 15:00:00,Southern Region,Tamil Nadu,TN_WIND_02,Wind,350,213.0,130.3,82.7,82.7,Frequency control directive: reduce generation immediately,High Frequency,True,DOC-20260808-TA,High Frequency,0.892,classified,confirmed
EVT-2026-1181,2026-08-15 08:00:00,Western Region,Madhya Pradesh,MP_SOLAR_01,Solar,500,258.9,207.9,51.0,53.5,N-1 contingency constraint triggered on evacuation line,Transmission Constraint,True,DOC-20260815-MA,Transmission Constraint,0.897,classified,confirmed
EVT-2026-1182,2026-08-07 17:00:00,Southern Region,Karnataka,KA_SOLAR_01,Solar,600,274.5,249.2,25.3,25.3,"High frequency in grid (50.13 Hz), backing down instructed by WRLDC",High Frequency,True,DOC-20260807-KA,High Frequency,0.873,classified,confirmed
EVT-2026-1183,2026-06-11 06:00:00,Western Region,Rajasthan,RJ_SOLAR_01,Solar,1000,789.4,495.9,293.5,335.7,"System frequency surge (50.13 Hz), active power curtailment executed",High Frequency,True,DOC-20260611-RA,High Frequency,0.901,classified,mismatch
EVT-2026-1184,2026-06-28 10:00:00,Southern Region,Karnataka,KA_SOLAR_01,Solar,600,284.4,265.8,18.6,19.4,"System frequency surge (50.09 Hz), active power curtailment executed",High Frequency,True,DOC-20260628-KA,High Frequency,0.908,classified,confirmed
EVT-2026-1185,2026-06-18 10:00:00,Southern Region,Andhra Pradesh,AP_SOLAR_02,Solar,450,345.9,211.6,134.3,134.3,Grid security alert: voltage instability detected at Kurnool,Grid Security,True,DOC-20260618-AN,Grid Security,0.875,classified,confirmed
EVT-2026-1186,2026-07-20 06:00:00,Southern Region,Tamil Nadu,TN_WIND_02,Wind,350,320.3,206.8,113.5,113.5,Commercial backing down order from state DISCOM (Gurowvnl),Commercial / Discom Request,True,DOC-20260720-TA,Commercial / Discom Request,0.882,classified,confirmed
EVT-2026-1187,2026-07-04 07:00:00,Southern Region,Karnataka,KA_SOLAR_01,Solar,600,243.7,190.5,53.2,53.2,Frequency control directive: reduce generation immediately,High Frequency,True,DOC-20260704-KA,High Frequency,0.892,classified,confirmed
EVT-2026-1188,2026-08-19 09:00:00,Western Region,Madhya Pradesh,MP_SOLAR_01,Solar,500,350.6,302.6,48.0,48.0,Transmission congestion on Kayathar to Bhadla 765kV line,Transmission Constraint,True,DOC-20260819-MA,Transmission Constraint,0.832,classified,confirmed
EVT-2026-1189,2026-06-02 03:00:00,Western Region,Gujarat,GJ_WIND_01,Wind,400,272.3,231.2,41.1,45.2,Economic dispatch instruction from SLDC control room,Commercial / Discom Request,True,DOC-20260602-GU,Commercial / Discom Request,0.898,classified,confirmed
EVT-2026-1190,2026-07-15 06:00:00,Southern Region,Andhra Pradesh,AP_SOLAR_02,Solar,450,292.3,213.2,79.1,79.1,Protection relay testing shutdown at pooling station,Maintenance / Outage,True,DOC-20260715-AN,Maintenance / Outage,0.891,classified,confirmed
EVT-2026-1191,2026-07-23 17:00:00,Southern Region,Tamil Nadu,TN_SOLAR_01,Solar,500,224.0,171.4,52.6,52.6,DISCOM commercial request due to low demand period,Commercial / Discom Request,True,DOC-20260723-TA,Commercial / Discom Request,0.917,classified,confirmed
EVT-2026-1192,2026-07-12 15:00:00,Southern Region,Andhra Pradesh,AP_SOLAR_02,Solar,450,274.7,178.3,96.4,96.4,"Inter-regional corridor bottleneck, backing down required",Transmission Constraint,True,DOC-20260712-AN,Transmission Constraint,0.901,classified,confirmed
EVT-2026-1193,2026-08-01 13:00:00,Western Region,Rajasthan,RJ_SOLAR_01,Solar,1000,788.2,480.2,308.0,308.0,Line loading exceeded thermal capacity limit at Kurnool,Transmission Constraint,True,DOC-20260801-RA,Transmission Constraint,0.891,classified,confirmed
EVT-2026-1194,2026-06-03 10:00:00,Southern Region,Karnataka,KA_SOLAR_01,Solar,600,360.0,277.6,82.4,82.4,Reactive power compensation constraint at Rewa grid,Grid Security,True,DOC-20260603-KA,Grid Security,0.863,classified,confirmed
EVT-2026-1195,2026-07-15 05:00:00,Western Region,Gujarat,GJ_WIND_01,Wind,400,195.4,159.1,36.3,36.3,Over-frequency condition (50.09 Hz) detected across regional grid,High Frequency,True,DOC-20260715-GU,High Frequency,0.893,classified,confirmed
EVT-2026-1196,2026-07-23 12:00:00,Southern Region,Tamil Nadu,TN_WIND_02,Wind,350,317.0,223.8,93.2,93.2,Commercial backing down order from state DISCOM (Gurowvnl),Commercial / Discom Request,True,DOC-20260723-TA,Commercial / Discom Request,0.882,classified,confirmed
EVT-2026-1197,2026-06-20 12:00:00,Western Region,Gujarat,GJ_WIND_01,Wind,400,326.4,297.7,28.7,28.7,Line loading exceeded thermal capacity limit at Kurnool,Transmission Constraint,True,DOC-20260620-GU,Transmission Constraint,0.891,classified,confirmed
EVT-2026-1198,2026-07-22 15:00:00,Southern Region,Tamil Nadu,TN_WIND_02,Wind,350,208.5,173.9,34.6,34.6,Over-frequency condition (50.06 Hz) detected across regional grid,High Frequency,True,DOC-20260722-TA,High Frequency,0.871,classified,confirmed
EVT-2026-1199,2026-06-09 08:00:00,Southern Region,Andhra Pradesh,AP_SOLAR_02,Solar,450,355.3,338.6,16.7,16.7,Emergency backing down to prevent grid failure at Tuticorin,Grid Security,True,DOC-20260609-AN,Grid Security,0.862,classified,confirmed
EVT-2026-1200,2026-07-08 11:00:00,Western Region,Madhya Pradesh,MP_SOLAR_01,Solar,500,351.6,237.5,114.1,114.1,Low demand period discom backing down request,Commercial / Discom Request,True,DOC-20260708-MA,Commercial / Discom Request,0.911,classified,confirmed
EVT-2026-1201,2026-07-06 20:00:00,Western Region,Gujarat,GJ_WIND_01,Wind,400,375.1,354.1,21.0,21.0,Substation maintenance work scheduled at Khavda,Maintenance / Outage,True,DOC-20260706-GU,Maintenance / Outage,0.851,classified,confirmed
EVT-2026-1202,2026-06-27 09:00:00,Western Region,Gujarat,GJ_WIND_01,Wind,400,286.1,261.3,24.8,24.8,Transmission line constraint at Pavagada 400kV corridor,Transmission Constraint,True,DOC-20260627-GU,Transmission Constraint,0.844,classified,confirmed
EVT-2026-1203,2026-06-13 15:00:00,Southern Region,Tamil Nadu,TN_SOLAR_01,Solar,500,274.7,233.7,41.0,41.0,"Inter-regional corridor bottleneck, backing down required",Transmission Constraint,True,DOC-20260613-TA,Transmission Constraint,0.901,classified,confirmed
EVT-2026-1204,2026-06-29 11:00:00,Southern Region,Andhra Pradesh,AP_SOLAR_02,Solar,450,313.8,219.9,93.9,93.9,Commercial backing down order from state DISCOM (Bescom),Commercial / Discom Request,True,DOC-20260629-AN,Commercial / Discom Request,0.854,classified,confirmed
EVT-2026-1205,2026-08-16 12:00:00,Southern Region,Tamil Nadu,TN_WIND_02,Wind,350,215.1,154.9,60.2,57.8,Transmission congestion on Kayathar to Kurnool 765kV line,Transmission Constraint,True,DOC-20260816-TA,Transmission Constraint,0.87,classified,confirmed
EVT-2026-1206,2026-07-03 18:00:00,Western Region,Madhya Pradesh,MP_SOLAR_01,Solar,500,424.6,320.9,103.7,118.3,Commercial backing down order from state DISCOM (Javvnl),Commercial / Discom Request,True,DOC-20260703-MA,Commercial / Discom Request,0.882,classified,mismatch
EVT-2026-1207,2026-06-18 07:00:00,Western Region,Rajasthan,RJ_SOLAR_01,Solar,1000,441.7,265.9,175.8,175.8,System security constraint enforced by NRLDC dispatcher,Grid Security,True,DOC-20260618-RA,Grid Security,0.888,classified,confirmed
EVT-2026-1208,2026-08-03 09:00:00,Western Region,Gujarat,GJ_WIND_01,Wind,400,354.6,334.7,19.9,26.0,DISCOM commercial request due to low demand period,Commercial / Discom Request,True,DOC-20260803-GU,Commercial / Discom Request,0.917,classified,mismatch
EVT-2026-1209,2026-07-15 05:00:00,Western Region,Gujarat,GJ_WIND_01,Wind,400,264.4,245.6,18.8,18.8,"Inter-regional corridor bottleneck, backing down required",Transmission Constraint,True,DOC-20260715-GU,Transmission Constraint,0.901,classified,confirmed
EVT-2026-1210,2026-07-19 15:00:00,Southern Region,Andhra Pradesh,AP_SOLAR_02,Solar,450,185.8,114.4,71.4,71.4,"Frequency higher than statutory limit (50.13 Hz), RE reduction mandated",High Frequency,True,DOC-20260719-AN,High Frequency,0.894,classified,confirmed
EVT-2026-1211,2026-06-27 10:00:00,Western Region,Gujarat,GJ_WIND_01,Wind,400,162.4,132.9,29.5,29.5,Planned line clearance for grid upgrade work,Maintenance / Outage,True,DOC-20260627-GU,Maintenance / Outage,0.91,classified,confirmed
EVT-2026-1212,2026-08-09 13:00:00,Southern Region,Andhra Pradesh,AP_SOLAR_02,Solar,450,267.3,215.3,52.0,52.0,Frequency control directive: reduce generation immediately,High Frequency,True,DOC-20260809-AN,High Frequency,0.892,classified,confirmed
EVT-2026-1213,2026-06-26 09:00:00,Western Region,Gujarat,GJ_WIND_01,Wind,400,307.1,287.2,19.9,19.9,Over-frequency condition (50.11 Hz) detected across regional grid,High Frequency,True,DOC-20260626-GU,High Frequency,0.849,classified,confirmed
EVT-2026-1214,2026-06-03 13:00:00,Western Region,Madhya Pradesh,MP_SOLAR_01,Solar,500,345.4,212.8,132.6,132.6,Frequency control directive: reduce generation immediately,High Frequency,True,DOC-20260603-MA,High Frequency,0.892,classified,confirmed
EVT-2026-1215,2026-07-20 15:00:00,Southern Region,Karnataka,KA_SOLAR_01,Solar,600,328.1,278.5,49.6,49.6,Transmission line constraint at Kurnool 400kV corridor,Transmission Constraint,True,DOC-20260720-KA,Transmission Constraint,0.853,classified,confirmed
EVT-2026-1216,2026-07-10 05:00:00,Southern Region,Tamil Nadu,TN_WIND_02,Wind,350,218.1,143.9,74.2,74.2,Reactive power compensation constraint at Khavda grid,Grid Security,True,DOC-20260710-TA,Grid Security,0.871,classified,confirmed
EVT-2026-1217,2026-08-04 06:00:00,Southern Region,Tamil Nadu,TN_WIND_02,Wind,350,267.3,239.8,27.5,27.5,Low demand period discom backing down request,Commercial / Discom Request,True,DOC-20260804-TA,Commercial / Discom Request,0.911,classified,confirmed
EVT-2026-1218,2026-07-30 15:00:00,Western Region,Madhya Pradesh,MP_SOLAR_01,Solar,500,304.6,245.8,58.8,58.8,"Frequency higher than statutory limit (50.15 Hz), RE reduction mandated",High Frequency,True,DOC-20260730-MA,High Frequency,0.87,classified,confirmed
EVT-2026-1219,2026-07-03 07:00:00,Western Region,Madhya Pradesh,MP_SOLAR_01,Solar,500,278.8,173.4,105.4,105.4,Commercial backing down order from state DISCOM (Javvnl),Commercial / Discom Request,True,DOC-20260703-MA,Commercial / Discom Request,0.882,classified,confirmed
EVT-2026-1220,2026-06-16 16:00:00,Southern Region,Karnataka,KA_SOLAR_01,Solar,600,294.7,250.3,44.4,35.9,Planned line clearance for grid upgrade work,Maintenance / Outage,True,DOC-20260616-KA,Maintenance / Outage,0.91,classified,mismatch
EVT-2026-1221,2026-08-01 14:00:00,Western Region,Madhya Pradesh,MP_SOLAR_01,Solar,500,287.8,226.8,61.0,61.0,Economic dispatch instruction from SLDC control room,Commercial / Discom Request,True,DOC-20260801-MA,Commercial / Discom Request,0.898,classified,confirmed
EVT-2026-1222,2026-07-31 07:00:00,Western Region,Rajasthan,RJ_SOLAR_01,Solar,1000,765.9,738.8,27.1,27.1,"Inter-regional corridor bottleneck, backing down required",Transmission Constraint,True,DOC-20260731-RA,Transmission Constraint,0.901,classified,confirmed
EVT-2026-1223,2026-08-11 16:00:00,Southern Region,Tamil Nadu,TN_WIND_02,Wind,350,309.2,213.1,96.1,96.1,"High frequency in grid (50.08 Hz), backing down instructed by ERLDC",High Frequency,True,DOC-20260811-TA,High Frequency,0.89,classified,confirmed
EVT-2026-1224,2026-08-06 16:00:00,Southern Region,Andhra Pradesh,AP_SOLAR_02,Solar,450,189.1,149.7,39.4,39.4,Protection relay testing shutdown at pooling station,Maintenance / Outage,True,DOC-20260806-AN,Maintenance / Outage,0.891,classified,confirmed
EVT-2026-1225,2026-06-30 10:00:00,Southern Region,Andhra Pradesh,AP_SOLAR_02,Solar,450,362.9,252.5,110.4,110.4,Protection relay testing shutdown at pooling station,Maintenance / Outage,True,DOC-20260630-AN,Maintenance / Outage,0.891,classified,confirmed
EVT-2026-1226,2026-07-05 18:00:00,Western Region,Rajasthan,RJ_SOLAR_01,Solar,1000,544.2,442.2,102.0,102.0,Planned line clearance for grid upgrade work,Maintenance / Outage,True,DOC-20260705-RA,Maintenance / Outage,0.91,classified,confirmed
EVT-2026-1227,2026-06-04 18:00:00,Southern Region,Andhra Pradesh,AP_SOLAR_02,Solar,450,282.7,227.8,54.9,54.9,"Inter-regional corridor bottleneck, backing down required",Transmission Constraint,True,DOC-20260604-AN,Transmission Constraint,0.901,classified,confirmed
EVT-2026-1228,2026-06-07 04:00:00,Southern Region,Tamil Nadu,TN_WIND_02,Wind,350,325.4,289.1,36.3,36.3,Over-frequency condition (50.14 Hz) detected across regional grid,High Frequency,True,DOC-20260607-TA,High Frequency,0.873,classified,confirmed
EVT-2026-1229,2026-08-15 02:00:00,Southern Region,Tamil Nadu,TN_WIND_02,Wind,350,199.0,140.9,58.1,53.5,Low demand period discom backing down request,Commercial / Discom Request,True,DOC-20260815-TA,Commercial / Discom Request,0.911,classified,confirmed
EVT-2026-1230,2026-07-08 07:00:00,Southern Region,Tamil Nadu,TN_WIND_02,Wind,350,277.5,176.8,100.7,100.7,Economic dispatch instruction from SLDC control room,Commercial / Discom Request,True,DOC-20260708-TA,Commercial / Discom Request,0.898,classified,confirmed
EVT-2026-1231,2026-07-11 17:00:00,Western Region,Gujarat,GJ_WIND_01,Wind,400,292.3,259.4,32.9,32.9,Over-frequency condition (50.13 Hz) detected across regional grid,High Frequency,True,DOC-20260711-GU,High Frequency,0.884,classified,confirmed
EVT-2026-1232,2026-08-19 12:00:00,Western Region,Rajasthan,RJ_SOLAR_01,Solar,1000,814.2,701.6,112.6,112.6,"Inter-regional corridor bottleneck, backing down required",Transmission Constraint,True,DOC-20260819-RA,Transmission Constraint,0.901,classified,confirmed
EVT-2026-1233,2026-06-04 06:00:00,Southern Region,Tamil Nadu,TN_SOLAR_01,Solar,500,360.4,304.0,56.4,56.4,Transmission congestion on Bhadla to Tuticorin 765kV line,Transmission Constraint,True,DOC-20260604-TA,Transmission Constraint,0.859,classified,confirmed
EVT-2026-1234,2026-06-20 14:00:00,Southern Region,Andhra Pradesh,AP_SOLAR_02,Solar,450,230.1,161.8,68.3,68.3,Over-frequency condition (50.08 Hz) detected across regional grid,High Frequency,True,DOC-20260620-AN,High Frequency,0.896,classified,confirmed
EVT-2026-1235,2026-07-01 11:00:00,Southern Region,Tamil Nadu,TN_SOLAR_01,Solar,500,252.9,219.9,33.0,33.0,Transformer maintenance outage at evacuation yard,Maintenance / Outage,True,DOC-20260701-TA,Maintenance / Outage,0.873,classified,confirmed
EVT-2026-1236,2026-06-29 15:00:00,Southern Region,Karnataka,KA_SOLAR_01,Solar,600,466.8,322.5,144.3,144.3,Low demand period discom backing down request,Commercial / Discom Request,True,DOC-20260629-KA,Commercial / Discom Request,0.911,classified,confirmed
EVT-2026-1237,2026-08-08 13:00:00,Western Region,Madhya Pradesh,MP_SOLAR_01,Solar,500,283.8,192.8,91.0,90.8,Commercial backing down order from state DISCOM (Bescom),Commercial / Discom Request,True,DOC-20260808-MA,Commercial / Discom Request,0.854,classified,confirmed
EVT-2026-1238,2026-06-26 17:00:00,Southern Region,Tamil Nadu,TN_SOLAR_01,Solar,500,252.6,225.9,26.7,16.3,Low demand period discom backing down request,Commercial / Discom Request,True,DOC-20260626-TA,Commercial / Discom Request,0.911,classified,mismatch
EVT-2026-1239,2026-06-05 10:00:00,Southern Region,Andhra Pradesh,AP_SOLAR_02,Solar,450,246.4,164.8,81.6,81.6,Planned line clearance for grid upgrade work,Maintenance / Outage,True,DOC-20260605-AN,Maintenance / Outage,0.91,classified,confirmed
EVT-2026-1240,2026-08-03 17:00:00,Western Region,Rajasthan,RJ_SOLAR_01,Solar,1000,751.6,553.2,198.4,198.4,Protection relay testing shutdown at pooling station,Maintenance / Outage,True,DOC-20260803-RA,Maintenance / Outage,0.891,classified,confirmed
EVT-2026-1241,2026-08-16 11:00:00,Southern Region,Karnataka,KA_SOLAR_01,Solar,600,297.9,250.7,47.2,47.2,Reactive power compensation constraint at Muppandal grid,Grid Security,True,DOC-20260816-KA,Grid Security,0.867,classified,confirmed
EVT-2026-1242,2026-07-11 16:00:00,Southern Region,Andhra Pradesh,AP_SOLAR_02,Solar,450,333.6,233.0,100.6,91.6,Over-frequency condition (50.09 Hz) detected across regional grid,High Frequency,True,DOC-20260711-AN,High Frequency,0.893,classified,mismatch
EVT-2026-1243,2026-06-16 12:00:00,Southern Region,Tamil Nadu,TN_WIND_02,Wind,350,236.0,186.3,49.7,49.7,Power surrender by buying utility due to off-peak tariff,Commercial / Discom Request,True,DOC-20260616-TA,Commercial / Discom Request,0.881,classified,confirmed
EVT-2026-1244,2026-07-24 06:00:00,Western Region,Rajasthan,RJ_SOLAR_01,Solar,1000,922.4,579.1,343.3,302.8,Economic dispatch instruction from SLDC control room,Commercial / Discom Request,True,DOC-20260724-RA,Commercial / Discom Request,0.898,classified,mismatch
EVT-2026-1245,2026-08-01 17:00:00,Western Region,Madhya Pradesh,MP_SOLAR_01,Solar,500,323.0,247.4,75.6,75.6,System security constraint enforced by WRLDC dispatcher,Grid Security,True,DOC-20260801-MA,Grid Security,0.853,classified,confirmed
EVT-2026-1246,2026-06-28 13:00:00,Southern Region,Tamil Nadu,TN_SOLAR_01,Solar,500,452.2,422.8,29.4,29.4,Transformer maintenance outage at evacuation yard,Maintenance / Outage,True,DOC-20260628-TA,Maintenance / Outage,0.873,classified,confirmed
EVT-2026-1247,2026-06-17 06:00:00,Western Region,Rajasthan,RJ_SOLAR_01,Solar,1000,798.0,528.1,269.9,269.9,Over-generation mitigation required for grid stability,Grid Security,True,DOC-20260617-RA,Grid Security,0.885,classified,confirmed
EVT-2026-1248,2026-06-15 16:00:00,Southern Region,Andhra Pradesh,AP_SOLAR_02,Solar,450,211.6,161.8,49.8,49.8,Reactive power compensation constraint at Bhadla grid,Grid Security,True,DOC-20260615-AN,Grid Security,0.881,classified,confirmed
EVT-2026-1249,2026-06-30 03:00:00,Western Region,Gujarat,GJ_WIND_01,Wind,400,247.7,172.7,75.0,96.6,Substation maintenance work scheduled at Tuticorin,Maintenance / Outage,True,DOC-20260630-GU,Maintenance / Outage,0.869,classified,mismatch
EVT-2026-1250,2026-06-21 10:00:00,Western Region,Rajasthan,RJ_SOLAR_01,Solar,1000,850.5,815.5,35.0,35.0,System security constraint enforced by ERLDC dispatcher,Grid Security,True,DOC-20260621-RA,Grid Security,0.877,classified,confirmed
EVT-2026-1251,2026-08-16 10:00:00,Southern Region,Tamil Nadu,TN_SOLAR_01,Solar,500,266.8,242.1,24.7,24.7,Economic dispatch instruction from SLDC control room,Commercial / Discom Request,True,DOC-20260816-TA,Commercial / Discom Request,0.898,classified,confirmed
EVT-2026-1252,2026-06-05 07:00:00,Southern Region,Andhra Pradesh,AP_SOLAR_02,Solar,450,182.6,156.2,26.4,26.4,DISCOM commercial request due to low demand period,Commercial / Discom Request,True,DOC-20260605-AN,Commercial / Discom Request,0.917,classified,confirmed
EVT-2026-1253,2026-07-20 11:00:00,Southern Region,Karnataka,KA_SOLAR_01,Solar,600,243.1,226.8,16.3,16.3,DISCOM commercial request due to low demand period,Commercial / Discom Request,True,DOC-20260720-KA,Commercial / Discom Request,0.917,classified,confirmed
EVT-2026-1254,2026-07-11 05:00:00,Southern Region,Tamil Nadu,TN_WIND_02,Wind,350,285.5,251.1,34.4,34.4,DISCOM commercial request due to low demand period,Commercial / Discom Request,True,DOC-20260711-TA,Commercial / Discom Request,0.917,classified,confirmed
EVT-2026-1255,2026-06-08 14:00:00,Southern Region,Karnataka,KA_SOLAR_01,Solar,600,362.8,276.3,86.5,86.5,"Inter-regional corridor bottleneck, backing down required",Transmission Constraint,True,DOC-20260608-KA,Transmission Constraint,0.901,classified,confirmed
EVT-2026-1256,2026-08-19 14:00:00,Western Region,Madhya Pradesh,MP_SOLAR_01,Solar,500,440.6,322.0,118.6,118.6,System security constraint enforced by WRLDC dispatcher,Grid Security,True,DOC-20260819-MA,Grid Security,0.853,classified,confirmed
EVT-2026-1257,2026-08-07 18:00:00,Southern Region,Tamil Nadu,TN_SOLAR_01,Solar,500,210.0,168.4,41.6,41.6,Bay maintenance shutdown at Kayathar RE pooling station,Maintenance / Outage,True,DOC-20260807-TA,Maintenance / Outage,0.855,classified,confirmed
EVT-2026-1258,2026-06-01 18:00:00,Western Region,Madhya Pradesh,MP_SOLAR_01,Solar,500,247.9,211.1,36.8,36.8,Power surrender by buying utility due to off-peak tariff,Commercial / Discom Request,True,DOC-20260601-MA,Commercial / Discom Request,0.881,classified,confirmed
EVT-2026-1259,2026-08-09 14:00:00,Western Region,Gujarat,GJ_WIND_01,Wind,400,187.8,126.1,61.7,61.7,Line loading exceeded thermal capacity limit at Tuticorin,Transmission Constraint,True,DOC-20260809-GU,Transmission Constraint,0.884,classified,confirmed
EVT-2026-1260,2026-07-25 06:00:00,Southern Region,Karnataka,KA_SOLAR_01,Solar,600,338.4,313.2,25.2,27.9,Transformer maintenance outage at evacuation yard,Maintenance / Outage,True,DOC-20260725-KA,Maintenance / Outage,0.873,classified,confirmed
EVT-2026-1261,2026-07-29 16:00:00,Southern Region,Tamil Nadu,TN_SOLAR_01,Solar,500,262.8,210.2,52.6,52.6,Substation maintenance work scheduled at Kayathar,Maintenance / Outage,True,DOC-20260729-TA,Maintenance / Outage,0.848,classified,confirmed
EVT-2026-1262,2026-08-14 16:00:00,Western Region,Madhya Pradesh,MP_SOLAR_01,Solar,500,209.3,168.9,40.4,40.4,Frequency control directive: reduce generation immediately,High Frequency,True,DOC-20260814-MA,High Frequency,0.892,classified,confirmed
EVT-2026-1263,2026-07-14 15:00:00,Southern Region,Karnataka,KA_SOLAR_01,Solar,600,471.9,299.5,172.4,172.4,Bay maintenance shutdown at Pavagada RE pooling station,Maintenance / Outage,True,DOC-20260714-KA,Maintenance / Outage,0.872,classified,confirmed
EVT-2026-1264,2026-06-10 16:00:00,Southern Region,Tamil Nadu,TN_SOLAR_01,Solar,500,381.4,243.1,138.3,186.6,Low demand period discom backing down request,Commercial / Discom Request,True,DOC-20260610-TA,Commercial / Discom Request,0.911,classified,mismatch
EVT-2026-1265,2026-07-22 16:00:00,Southern Region,Tamil Nadu,TN_WIND_02,Wind,350,272.4,247.8,24.6,24.6,Power surrender by buying utility due to off-peak tariff,Commercial / Discom Request,True,DOC-20260722-TA,Commercial / Discom Request,0.881,classified,confirmed
EVT-2026-1266,2026-06-11 16:00:00,Western Region,Rajasthan,RJ_SOLAR_01,Solar,1000,922.8,591.4,331.4,331.4,"System frequency surge (50.1 Hz), active power curtailment executed",High Frequency,True,DOC-20260611-RA,High Frequency,0.904,classified,confirmed
EVT-2026-1267,2026-06-22 14:00:00,Southern Region,Andhra Pradesh,AP_SOLAR_02,Solar,450,413.6,256.1,157.5,157.5,Reactive power compensation constraint at Bhadla grid,Grid Security,True,DOC-20260622-AN,Grid Security,0.881,classified,confirmed
EVT-2026-1268,2026-08-15 02:00:00,Southern Region,Tamil Nadu,TN_WIND_02,Wind,350,245.7,191.9,53.8,53.8,DISCOM commercial request due to low demand period,Commercial / Discom Request,True,DOC-20260815-TA,Commercial / Discom Request,0.917,classified,confirmed
EVT-2026-1269,2026-07-17 08:00:00,Southern Region,Andhra Pradesh,AP_SOLAR_02,Solar,450,310.9,200.0,110.9,110.9,Reactive power compensation constraint at Bhuj grid,Grid Security,True,DOC-20260717-AN,Grid Security,0.823,classified,confirmed
EVT-2026-1270,2026-07-05 09:00:00,Southern Region,Tamil Nadu,TN_WIND_02,Wind,350,152.6,95.2,57.4,57.4,Bay maintenance shutdown at Tuticorin RE pooling station,Maintenance / Outage,True,DOC-20260705-TA,Maintenance / Outage,0.894,classified,confirmed
EVT-2026-1271,2026-08-08 14:00:00,Western Region,Madhya Pradesh,MP_SOLAR_01,Solar,500,444.4,367.7,76.7,75.9,System security constraint enforced by WRLDC dispatcher,Grid Security,True,DOC-20260808-MA,Grid Security,0.853,classified,confirmed
EVT-2026-1272,2026-07-12 09:00:00,Southern Region,Tamil Nadu,TN_SOLAR_01,Solar,500,470.4,293.7,176.7,176.7,Emergency backing down to prevent grid failure at Tuticorin,Grid Security,True,DOC-20260712-TA,Grid Security,0.862,classified,confirmed
EVT-2026-1273,2026-07-06 12:00:00,Western Region,Rajasthan,RJ_SOLAR_01,Solar,1000,832.1,656.1,176.0,176.0,Power surrender by buying utility due to off-peak tariff,Commercial / Discom Request,True,DOC-20260706-RA,Commercial / Discom Request,0.881,classified,confirmed
EVT-2026-1274,2026-06-01 18:00:00,Southern Region,Tamil Nadu,TN_SOLAR_01,Solar,500,205.6,162.0,43.6,43.6,"System frequency surge (50.14 Hz), active power curtailment executed",High Frequency,True,DOC-20260601-TA,High Frequency,0.893,classified,confirmed
EVT-2026-1275,2026-07-03 15:00:00,Southern Region,Tamil Nadu,TN_SOLAR_01,Solar,500,364.8,308.1,56.7,56.7,"System frequency surge (50.05 Hz), active power curtailment executed",High Frequency,True,DOC-20260703-TA,High Frequency,0.892,classified,confirmed
EVT-2026-1276,2026-06-13 18:00:00,Southern Region,Karnataka,KA_SOLAR_01,Solar,600,357.7,342.4,15.3,15.3,Transmission line constraint at Bhadla 400kV corridor,Transmission Constraint,True,DOC-20260613-KA,Transmission Constraint,0.84,classified,confirmed
EVT-2026-1277,2026-06-07 10:00:00,Western Region,Madhya Pradesh,MP_SOLAR_01,Solar,500,387.0,268.1,118.9,118.9,Transmission congestion on Tuticorin to Bhadla 765kV line,Transmission Constraint,True,DOC-20260607-MA,Transmission Constraint,0.84,classified,confirmed
EVT-2026-1278,2026-06-15 09:00:00,Western Region,Madhya Pradesh,MP_SOLAR_01,Solar,500,203.6,151.5,52.1,52.1,Grid security alert: voltage instability detected at Kurnool,Grid Security,True,DOC-20260615-MA,Grid Security,0.875,classified,confirmed
EVT-2026-1279,2026-07-21 12:00:00,Western Region,Madhya Pradesh,MP_SOLAR_01,Solar,500,367.5,275.0,92.5,92.5,Bay maintenance shutdown at Bhuj RE pooling station,Maintenance / Outage,True,DOC-20260721-MA,Maintenance / Outage,0.892,classified,confirmed
EVT-2026-1280,2026-07-03 11:00:00,Southern Region,Tamil Nadu,TN_SOLAR_01,Solar,500,383.1,362.0,21.1,21.1,Grid security alert: voltage instability detected at Khavda,Grid Security,True,DOC-20260703-TA,Grid Security,0.868,classified,confirmed
EVT-2026-1281,2026-08-16 06:00:00,Southern Region,Tamil Nadu,TN_SOLAR_01,Solar,500,466.1,352.1,114.0,114.0,Over-generation mitigation required for grid stability,Grid Security,True,DOC-20260816-TA,Grid Security,0.885,classified,confirmed
EVT-2026-1282,2026-07-16 16:00:00,Southern Region,Karnataka,KA_SOLAR_01,Solar,600,553.6,388.2,165.4,165.4,"Inter-regional corridor bottleneck, backing down required",Transmission Constraint,True,DOC-20260716-KA,Transmission Constraint,0.901,classified,confirmed
EVT-2026-1283,2026-06-28 14:00:00,Southern Region,Tamil Nadu,TN_WIND_02,Wind,350,292.9,211.1,81.8,81.8,"System frequency surge (50.13 Hz), active power curtailment executed",High Frequency,True,DOC-20260628-TA,High Frequency,0.901,classified,confirmed
EVT-2026-1284,2026-06-19 22:00:00,Western Region,Gujarat,GJ_WIND_01,Wind,400,283.5,175.2,108.3,124.5,N-1 contingency constraint triggered on evacuation line,Transmission Constraint,True,DOC-20260619-GU,Transmission Constraint,0.897,classified,mismatch
EVT-2026-1285,2026-08-04 10:00:00,Southern Region,Andhra Pradesh,AP_SOLAR_02,Solar,450,226.2,188.7,37.5,37.5,Reactive power compensation constraint at Kayathar grid,Grid Security,True,DOC-20260804-AN,Grid Security,0.844,classified,confirmed
EVT-2026-1286,2026-06-13 14:00:00,Western Region,Rajasthan,RJ_SOLAR_01,Solar,1000,929.3,607.0,322.3,322.3,"High frequency in grid (50.15 Hz), backing down instructed by SRLDC",High Frequency,True,DOC-20260613-RA,High Frequency,0.819,classified,confirmed
EVT-2026-1287,2026-07-19 22:00:00,Western Region,Gujarat,GJ_WIND_01,Wind,400,326.7,294.5,32.2,22.8,"System frequency surge (50.09 Hz), active power curtailment executed",High Frequency,True,DOC-20260719-GU,High Frequency,0.908,classified,mismatch
EVT-2026-1288,2026-07-06 21:00:00,Southern Region,Tamil Nadu,TN_WIND_02,Wind,350,297.4,197.5,99.9,99.9,Planned line clearance for grid upgrade work,Maintenance / Outage,True,DOC-20260706-TA,Maintenance / Outage,0.91,classified,confirmed
EVT-2026-1289,2026-07-19 13:00:00,Southern Region,Karnataka,KA_SOLAR_01,Solar,600,399.4,243.8,155.6,155.6,Protection relay testing shutdown at pooling station,Maintenance / Outage,True,DOC-20260719-KA,Maintenance / Outage,0.891,classified,confirmed
EVT-2026-1290,2026-07-16 07:00:00,Southern Region,Tamil Nadu,TN_WIND_02,Wind,350,195.7,153.2,42.5,42.5,Transmission line constraint at Tuticorin 400kV corridor,Transmission Constraint,True,DOC-20260716-TA,Transmission Constraint,0.861,classified,confirmed
EVT-2026-1291,2026-06-05 17:00:00,Western Region,Rajasthan,RJ_SOLAR_01,Solar,1000,732.2,548.6,183.6,183.6,Substation maintenance work scheduled at Muppandal,Maintenance / Outage,True,DOC-20260605-RA,Maintenance / Outage,0.854,classified,confirmed
EVT-2026-1292,2026-06-12 11:00:00,Western Region,Madhya Pradesh,MP_SOLAR_01,Solar,500,470.4,383.0,87.4,83.1,Transmission congestion on Kurnool to Tuticorin 765kV line,Transmission Constraint,True,DOC-20260612-MA,Transmission Constraint,0.843,classified,confirmed
EVT-2026-1293,2026-08-12 11:00:00,Western Region,Rajasthan,RJ_SOLAR_01,Solar,1000,863.3,523.2,340.1,340.1,Bay maintenance shutdown at Muppandal RE pooling station,Maintenance / Outage,True,DOC-20260812-RA,Maintenance / Outage,0.893,classified,confirmed
EVT-2026-1294,2026-07-29 13:00:00,Western Region,Madhya Pradesh,MP_SOLAR_01,Solar,500,286.0,258.1,27.9,27.9,Low demand period discom backing down request,Commercial / Discom Request,True,DOC-20260729-MA,Commercial / Discom Request,0.911,classified,confirmed
EVT-2026-1295,2026-06-30 12:00:00,Western Region,Rajasthan,RJ_SOLAR_01,Solar,1000,569.7,410.8,158.9,158.9,"Frequency higher than statutory limit (50.14 Hz), RE reduction mandated",High Frequency,True,DOC-20260630-RA,High Frequency,0.886,classified,confirmed
EVT-2026-1296,2026-07-01 13:00:00,Southern Region,Andhra Pradesh,AP_SOLAR_02,Solar,450,404.3,248.0,156.3,156.3,"Inter-regional corridor bottleneck, backing down required",Transmission Constraint,True,DOC-20260701-AN,Transmission Constraint,0.901,classified,confirmed
EVT-2026-1297,2026-07-30 14:00:00,Southern Region,Tamil Nadu,TN_SOLAR_01,Solar,500,215.5,188.7,26.8,26.8,Planned line clearance for grid upgrade work,Maintenance / Outage,True,DOC-20260730-TA,Maintenance / Outage,0.91,classified,confirmed
EVT-2026-1298,2026-08-06 13:00:00,Southern Region,Tamil Nadu,TN_SOLAR_01,Solar,500,363.7,277.0,86.7,67.3,Transmission line constraint at Tuticorin 400kV corridor,Transmission Constraint,True,DOC-20260806-TA,Transmission Constraint,0.861,classified,mismatch
EVT-2026-1299,2026-06-25 08:00:00,Southern Region,Karnataka,KA_SOLAR_01,Solar,600,352.6,238.1,114.5,114.5,N-1 contingency constraint triggered on evacuation line,Transmission Constraint,True,DOC-20260625-KA,Transmission Constraint,0.897,classified,confirmed
EVT-2026-1300,2026-06-10 10:00:00,Western Region,Rajasthan,RJ_SOLAR_01,Solar,1000,886.5,734.3,152.2,152.2,Grid security alert: voltage instability detected at Rewa,Grid Security,True,DOC-20260610-RA,Grid Security,0.869,classified,confirmed
EVT-2026-1301,2026-06-24 09:00:00,Southern Region,Tamil Nadu,TN_SOLAR_01,Solar,500,355.2,323.6,31.6,31.6,Emergency backing down to prevent grid failure at Pavagada,Grid Security,True,DOC-20260624-TA,Grid Security,0.846,classified,confirmed
EVT-2026-1302,2026-07-23 03:00:00,Southern Region,Tamil Nadu,TN_WIND_02,Wind,350,209.4,163.3,46.1,46.1,Commercial backing down order from state DISCOM (Gurowvnl),Commercial / Discom Request,True,DOC-20260723-TA,Commercial / Discom Request,0.882,classified,confirmed
EVT-2026-1303,2026-07-27 16:00:00,Western Region,Madhya Pradesh,MP_SOLAR_01,Solar,500,320.9,290.0,30.9,30.9,Emergency backing down to prevent grid failure at Tuticorin,Grid Security,True,DOC-20260727-MA,Grid Security,0.862,classified,confirmed
EVT-2026-1304,2026-08-13 16:00:00,Western Region,Gujarat,GJ_WIND_01,Wind,400,323.3,204.8,118.5,136.5,N-1 contingency constraint triggered on evacuation line,Transmission Constraint,True,DOC-20260813-GU,Transmission Constraint,0.897,classified,mismatch
EVT-2026-1305,2026-06-28 12:00:00,Western Region,Madhya Pradesh,MP_SOLAR_01,Solar,500,452.9,336.8,116.1,116.1,Transmission congestion on Pavagada to Khavda 765kV line,Transmission Constraint,True,DOC-20260628-MA,Transmission Constraint,0.82,classified,confirmed
EVT-2026-1306,2026-07-08 14:00:00,Southern Region,Tamil Nadu,TN_SOLAR_01,Solar,500,319.8,223.8,96.0,96.0,"Inter-regional corridor bottleneck, backing down required",Transmission Constraint,True,DOC-20260708-TA,Transmission Constraint,0.901,classified,confirmed
EVT-2026-1307,2026-06-13 15:00:00,Southern Region,Karnataka,KA_SOLAR_01,Solar,600,418.2,290.4,127.8,127.8,Bay maintenance shutdown at Kurnool RE pooling station,Maintenance / Outage,True,DOC-20260613-KA,Maintenance / Outage,0.886,classified,confirmed
EVT-2026-1308,2026-07-14 00:00:00,Southern Region,Tamil Nadu,TN_WIND_02,Wind,350,313.4,295.7,17.7,14.5,System security constraint enforced by NRLDC dispatcher,Grid Security,True,DOC-20260714-TA,Grid Security,0.888,classified,confirmed
EVT-2026-1309,2026-07-13 07:00:00,Southern Region,Karnataka,KA_SOLAR_01,Solar,600,357.7,257.5,100.2,120.2,Emergency backing down to prevent grid failure at Muppandal,Grid Security,True,DOC-20260713-KA,Grid Security,0.863,classified,mismatch
EVT-2026-1310,2026-06-03 06:00:00,Southern Region,Tamil Nadu,TN_WIND_02,Wind,350,149.6,101.8,47.8,47.8,DISCOM commercial request due to low demand period,Commercial / Discom Request,True,DOC-20260603-TA,Commercial / Discom Request,0.917,classified,confirmed
EVT-2026-1311,2026-06-27 00:00:00,Southern Region,Tamil Nadu,TN_WIND_02,Wind,350,279.3,260.2,19.1,19.1,N-1 contingency constraint triggered on evacuation line,Transmission Constraint,True,DOC-20260627-TA,Transmission Constraint,0.897,classified,confirmed
EVT-2026-1312,2026-08-01 23:00:00,Western Region,Gujarat,GJ_WIND_01,Wind,400,265.8,185.1,80.7,80.7,DISCOM commercial request due to low demand period,Commercial / Discom Request,True,DOC-20260801-GU,Commercial / Discom Request,0.917,classified,confirmed
EVT-2026-1313,2026-06-06 11:00:00,Southern Region,Tamil Nadu,TN_WIND_02,Wind,350,212.8,140.4,72.4,72.4,Frequency control directive: reduce generation immediately,High Frequency,True,DOC-20260606-TA,High Frequency,0.892,classified,confirmed
EVT-2026-1314,2026-07-26 07:00:00,Western Region,Madhya Pradesh,MP_SOLAR_01,Solar,500,361.1,258.9,102.2,102.2,"Frequency higher than statutory limit (50.09 Hz), RE reduction mandated",High Frequency,True,DOC-20260726-MA,High Frequency,0.902,classified,confirmed
EVT-2026-1315,2026-08-17 12:00:00,Southern Region,Tamil Nadu,TN_SOLAR_01,Solar,500,329.0,279.7,49.3,49.3,Transformer maintenance outage at evacuation yard,Maintenance / Outage,True,DOC-20260817-TA,Maintenance / Outage,0.873,classified,confirmed
EVT-2026-1316,2026-06-29 13:00:00,Western Region,Madhya Pradesh,MP_SOLAR_01,Solar,500,462.9,332.7,130.2,130.2,"Inter-regional corridor bottleneck, backing down required",Transmission Constraint,True,DOC-20260629-MA,Transmission Constraint,0.901,classified,confirmed
EVT-2026-1317,2026-06-21 07:00:00,Southern Region,Andhra Pradesh,AP_SOLAR_02,Solar,450,201.2,163.3,37.9,26.1,Transmission congestion on Bhuj to Muppandal 765kV line,Transmission Constraint,True,DOC-20260621-AN,Transmission Constraint,0.821,classified,mismatch
EVT-2026-1318,2026-07-18 07:00:00,Western Region,Madhya Pradesh,MP_SOLAR_01,Solar,500,294.2,264.9,29.3,29.3,"Inter-regional corridor bottleneck, backing down required",Transmission Constraint,True,DOC-20260718-MA,Transmission Constraint,0.901,classified,confirmed
EVT-2026-1319,2026-08-18 18:00:00,Southern Region,Tamil Nadu,TN_SOLAR_01,Solar,500,323.6,207.8,115.8,115.8,N-1 contingency constraint triggered on evacuation line,Transmission Constraint,True,DOC-20260818-TA,Transmission Constraint,0.897,classified,confirmed
EVT-2026-1320,2026-06-07 16:00:00,Southern Region,Karnataka,KA_SOLAR_01,Solar,600,482.4,462.9,19.5,13.9,Power surrender by buying utility due to off-peak tariff,Commercial / Discom Request,True,DOC-20260607-KA,Commercial / Discom Request,0.881,classified,mismatch
EVT-2026-1321,2026-07-02 06:00:00,Western Region,Rajasthan,RJ_SOLAR_01,Solar,1000,814.1,745.0,69.1,69.1,Over-generation mitigation required for grid stability,Grid Security,True,DOC-20260702-RA,Grid Security,0.885,classified,confirmed
EVT-2026-1322,2026-07-06 19:00:00,Western Region,Gujarat,GJ_WIND_01,Wind,400,203.2,178.1,25.1,25.1,Transmission line constraint at Muppandal 400kV corridor,Transmission Constraint,True,DOC-20260706-GU,Transmission Constraint,0.852,classified,confirmed
EVT-2026-1323,2026-07-07 10:00:00,Western Region,Madhya Pradesh,MP_SOLAR_01,Solar,500,247.5,186.2,61.3,61.3,Protection relay testing shutdown at pooling station,Maintenance / Outage,True,DOC-20260707-MA,Maintenance / Outage,0.891,classified,confirmed
EVT-2026-1324,2026-06-07 08:00:00,Western Region,Madhya Pradesh,MP_SOLAR_01,Solar,500,219.5,162.2,57.3,57.3,"High frequency in grid (50.09 Hz), backing down instructed by ERLDC",High Frequency,True,DOC-20260607-MA,High Frequency,0.888,classified,confirmed
EVT-2026-1325,2026-06-24 19:00:00,Western Region,Gujarat,GJ_WIND_01,Wind,400,286.2,175.1,111.1,111.1,"High frequency in grid (50.1 Hz), backing down instructed by ERLDC",High Frequency,True,DOC-20260624-GU,High Frequency,0.88,classified,confirmed
EVT-2026-1326,2026-06-04 17:00:00,Southern Region,Andhra Pradesh,AP_SOLAR_02,Solar,450,369.3,273.8,95.5,95.5,Over-generation mitigation required for grid stability,Grid Security,True,DOC-20260604-AN,Grid Security,0.885,classified,confirmed
EVT-2026-1327,2026-06-19 08:00:00,Southern Region,Andhra Pradesh,AP_SOLAR_02,Solar,450,294.7,245.0,49.7,49.7,Protection relay testing shutdown at pooling station,Maintenance / Outage,True,DOC-20260619-AN,Maintenance / Outage,0.891,classified,confirmed
EVT-2026-1328,2026-07-08 06:00:00,Southern Region,Karnataka,KA_SOLAR_01,Solar,600,374.0,232.4,141.6,141.6,Line loading exceeded thermal capacity limit at Rewa,Transmission Constraint,True,DOC-20260708-KA,Transmission Constraint,0.869,classified,confirmed
EVT-2026-1329,2026-08-11 14:00:00,Western Region,Gujarat,GJ_WIND_01,Wind,400,357.0,247.0,110.0,110.0,"High frequency in grid (50.12 Hz), backing down instructed by ERLDC",High Frequency,True,DOC-20260811-GU,High Frequency,0.871,classified,confirmed
EVT-2026-1330,2026-07-05 19:00:00,Western Region,Gujarat,GJ_WIND_01,Wind,400,183.6,131.5,52.1,52.1,DISCOM commercial request due to low demand period,Commercial / Discom Request,True,DOC-20260705-GU,Commercial / Discom Request,0.917,classified,confirmed
EVT-2026-1331,2026-08-03 02:00:00,Southern Region,Tamil Nadu,TN_WIND_02,Wind,350,295.9,271.8,24.1,24.1,System security constraint enforced by WRLDC dispatcher,Grid Security,True,DOC-20260803-TA,Grid Security,0.853,classified,confirmed
EVT-2026-1332,2026-07-16 07:00:00,Southern Region,Tamil Nadu,TN_SOLAR_01,Solar,500,354.3,243.2,111.1,111.1,Over-generation mitigation required for grid stability,Grid Security,True,DOC-20260716-TA,Grid Security,0.885,classified,confirmed
EVT-2026-1333,2026-06-20 07:00:00,Southern Region,Tamil Nadu,TN_SOLAR_01,Solar,500,250.9,199.8,51.1,51.1,Transmission line constraint at Rewa 400kV corridor,Transmission Constraint,True,DOC-20260620-TA,Transmission Constraint,0.823,classified,confirmed
EVT-2026-1334,2026-06-08 08:00:00,Southern Region,Karnataka,KA_SOLAR_01,Solar,600,551.1,399.6,151.5,151.5,Substation maintenance work scheduled at Tuticorin,Maintenance / Outage,True,DOC-20260608-KA,Maintenance / Outage,0.869,classified,confirmed
EVT-2026-1335,2026-08-06 16:00:00,Western Region,Rajasthan,RJ_SOLAR_01,Solar,1000,568.0,346.0,222.0,222.0,Transmission congestion on Bhadla to Kurnool 765kV line,Transmission Constraint,True,DOC-20260806-RA,Transmission Constraint,0.86,classified,confirmed
EVT-2026-1336,2026-06-09 18:00:00,Southern Region,Andhra Pradesh,AP_SOLAR_02,Solar,450,250.2,234.4,15.8,15.8,Protection relay testing shutdown at pooling station,Maintenance / Outage,True,DOC-20260609-AN,Maintenance / Outage,0.891,classified,confirmed
EVT-2026-1337,2026-06-26 06:00:00,Western Region,Rajasthan,RJ_SOLAR_01,Solar,1000,768.5,461.5,307.0,307.0,N-1 contingency constraint triggered on evacuation line,Transmission Constraint,True,DOC-20260626-RA,Transmission Constraint,0.897,classified,confirmed
EVT-2026-1338,2026-08-02 14:00:00,Southern Region,Tamil Nadu,TN_WIND_02,Wind,350,244.4,190.9,53.5,53.5,Low demand period discom backing down request,Commercial / Discom Request,True,DOC-20260802-TA,Commercial / Discom Request,0.911,classified,confirmed
EVT-2026-1339,2026-07-27 14:00:00,Southern Region,Karnataka,KA_SOLAR_01,Solar,600,277.8,243.3,34.5,34.5,DISCOM commercial request due to low demand period,Commercial / Discom Request,True,DOC-20260727-KA,Commercial / Discom Request,0.917,classified,confirmed
EVT-2026-1340,2026-06-30 09:00:00,Southern Region,Tamil Nadu,TN_SOLAR_01,Solar,500,347.7,286.5,61.2,61.2,Line loading exceeded thermal capacity limit at Muppandal,Transmission Constraint,True,DOC-20260630-TA,Transmission Constraint,0.865,classified,confirmed
EVT-2026-1341,2026-07-15 09:00:00,Southern Region,Andhra Pradesh,AP_SOLAR_02,Solar,450,287.3,198.0,89.3,89.3,Transmission congestion on Bhadla to Khavda 765kV line,Transmission Constraint,True,DOC-20260715-AN,Transmission Constraint,0.843,classified,confirmed
EVT-2026-1342,2026-07-08 15:00:00,Western Region,Rajasthan,RJ_SOLAR_01,Solar,1000,804.8,555.4,249.4,249.4,Reactive power compensation constraint at Muppandal grid,Grid Security,True,DOC-20260708-RA,Grid Security,0.867,classified,confirmed
EVT-2026-1343,2026-08-07 11:00:00,Western Region,Rajasthan,RJ_SOLAR_01,Solar,1000,498.2,425.5,72.7,72.7,Bay maintenance shutdown at Khavda RE pooling station,Maintenance / Outage,True,DOC-20260807-RA,Maintenance / Outage,0.873,classified,confirmed
EVT-2026-1344,2026-06-09 09:00:00,Western Region,Madhya Pradesh,MP_SOLAR_01,Solar,500,206.5,155.9,50.6,34.7,System security constraint enforced by SRLDC dispatcher,Grid Security,True,DOC-20260609-MA,Grid Security,0.87,classified,mismatch
EVT-2026-1345,2026-06-14 15:00:00,Southern Region,Tamil Nadu,TN_WIND_02,Wind,350,176.9,161.6,15.3,15.3,"Frequency higher than statutory limit (50.09 Hz), RE reduction mandated",High Frequency,True,DOC-20260614-TA,High Frequency,0.902,classified,confirmed
EVT-2026-1346,2026-08-16 18:00:00,Western Region,Rajasthan,RJ_SOLAR_01,Solar,1000,460.8,417.1,43.7,43.7,"Frequency higher than statutory limit (50.13 Hz), RE reduction mandated",High Frequency,True,DOC-20260816-RA,High Frequency,0.894,classified,confirmed
EVT-2026-1347,2026-06-11 13:00:00,Southern Region,Andhra Pradesh,AP_SOLAR_02,Solar,450,418.0,284.3,133.7,133.7,Over-frequency condition (50.11 Hz) detected across regional grid,High Frequency,True,DOC-20260611-AN,High Frequency,0.849,classified,confirmed
EVT-2026-1348,2026-08-19 09:00:00,Southern Region,Tamil Nadu,TN_SOLAR_01,Solar,500,294.2,209.1,85.1,85.1,Over-generation mitigation required for grid stability,Grid Security,True,DOC-20260819-TA,Grid Security,0.885,classified,confirmed
EVT-2026-1349,2026-08-12 12:00:00,Southern Region,Karnataka,KA_SOLAR_01,Solar,600,264.5,189.7,74.8,74.8,N-1 contingency constraint triggered on evacuation line,Transmission Constraint,True,DOC-20260812-KA,Transmission Constraint,0.897,classified,confirmed
EVT-2026-1350,2026-07-24 09:00:00,Southern Region,Andhra Pradesh,AP_SOLAR_02,Solar,450,322.3,225.5,96.8,96.8,"System frequency surge (50.08 Hz), active power curtailment executed",High Frequency,True,DOC-20260724-AN,High Frequency,0.91,classified,confirmed
EVT-2026-1351,2026-07-06 17:00:00,Western Region,Rajasthan,RJ_SOLAR_01,Solar,1000,758.8,670.2,88.6,88.6,Bay maintenance shutdown at Khavda RE pooling station,Maintenance / Outage,True,DOC-20260706-RA,Maintenance / Outage,0.873,classified,confirmed
EVT-2026-1352,2026-08-13 12:00:00,Southern Region,Tamil Nadu,TN_WIND_02,Wind,350,238.2,162.5,75.7,75.7,System security constraint enforced by SRLDC dispatcher,Grid Security,True,DOC-20260813-TA,Grid Security,0.87,classified,confirmed
EVT-2026-1353,2026-07-24 18:00:00,Southern Region,Andhra Pradesh,AP_SOLAR_02,Solar,450,385.9,251.0,134.9,134.9,DISCOM commercial request due to low demand period,Commercial / Discom Request,True,DOC-20260724-AN,Commercial / Discom Request,0.917,classified,confirmed
EVT-2026-1354,2026-06-20 08:00:00,Southern Region,Tamil Nadu,TN_SOLAR_01,Solar,500,230.6,212.5,18.1,13.2,Over-frequency condition (50.08 Hz) detected across regional grid,High Frequency,True,DOC-20260620-TA,High Frequency,0.896,classified,confirmed
EVT-2026-1355,2026-08-20 06:00:00,Southern Region,Andhra Pradesh,AP_SOLAR_02,Solar,450,253.6,232.3,21.3,21.3,DISCOM commercial request due to low demand period,Commercial / Discom Request,True,DOC-20260820-AN,Commercial / Discom Request,0.917,classified,confirmed
EVT-2026-1356,2026-07-12 19:00:00,Southern Region,Tamil Nadu,TN_WIND_02,Wind,350,227.3,151.2,76.1,76.1,Commercial backing down order from state DISCOM (Discom-West),Commercial / Discom Request,True,DOC-20260712-TA,Commercial / Discom Request,0.81,classified,confirmed
EVT-2026-1357,2026-06-23 18:00:00,Southern Region,Tamil Nadu,TN_WIND_02,Wind,350,291.6,186.1,105.5,105.5,Planned line clearance for grid upgrade work,Maintenance / Outage,True,DOC-20260623-TA,Maintenance / Outage,0.91,classified,confirmed
EVT-2026-1358,2026-06-01 23:00:00,Southern Region,Tamil Nadu,TN_WIND_02,Wind,350,212.1,157.2,54.9,54.9,Over-generation mitigation required for grid stability,Grid Security,True,DOC-20260601-TA,Grid Security,0.885,classified,confirmed
EVT-2026-1359,2026-06-30 10:00:00,Southern Region,Andhra Pradesh,AP_SOLAR_02,Solar,450,262.9,234.0,28.9,28.9,Transmission congestion on Muppandal to Tuticorin 765kV line,Transmission Constraint,True,DOC-20260630-AN,Transmission Constraint,0.852,classified,confirmed
EVT-2026-1360,2026-07-21 15:00:00,Southern Region,Tamil Nadu,TN_WIND_02,Wind,350,180.2,129.5,50.7,50.7,System security constraint enforced by NRLDC dispatcher,Grid Security,True,DOC-20260721-TA,Grid Security,0.888,classified,confirmed
EVT-2026-1361,2026-06-28 19:00:00,Western Region,Gujarat,GJ_WIND_01,Wind,400,176.0,122.0,54.0,53.7,Over-frequency condition (50.13 Hz) detected across regional grid,High Frequency,True,DOC-20260628-GU,High Frequency,0.884,classified,confirmed
EVT-2026-1362,2026-07-23 03:00:00,Southern Region,Tamil Nadu,TN_WIND_02,Wind,350,158.2,121.8,36.4,36.4,Commercial backing down order from state DISCOM (Bescom),Commercial / Discom Request,True,DOC-20260723-TA,Commercial / Discom Request,0.854,classified,confirmed
EVT-2026-1363,2026-07-24 08:00:00,Southern Region,Karnataka,KA_SOLAR_01,Solar,600,295.3,195.9,99.4,99.4,N-1 contingency constraint triggered on evacuation line,Transmission Constraint,True,DOC-20260724-KA,Transmission Constraint,0.897,classified,confirmed
EVT-2026-1364,2026-07-14 16:00:00,Western Region,Gujarat,GJ_WIND_01,Wind,400,255.9,166.3,89.6,89.6,Emergency backing down to prevent grid failure at Tuticorin,Grid Security,True,DOC-20260714-GU,Grid Security,0.862,classified,confirmed
EVT-2026-1365,2026-07-08 10:00:00,Western Region,Rajasthan,RJ_SOLAR_01,Solar,1000,942.6,859.1,83.5,83.5,DISCOM commercial request due to low demand period,Commercial / Discom Request,True,DOC-20260708-RA,Commercial / Discom Request,0.917,classified,confirmed
EVT-2026-1366,2026-06-30 07:00:00,Southern Region,Andhra Pradesh,AP_SOLAR_02,Solar,450,300.8,275.1,25.7,25.7,Economic dispatch instruction from SLDC control room,Commercial / Discom Request,True,DOC-20260630-AN,Commercial / Discom Request,0.898,classified,confirmed
EVT-2026-1367,2026-08-16 10:00:00,Western Region,Gujarat,GJ_WIND_01,Wind,400,253.0,159.4,93.6,93.6,Grid security alert: voltage instability detected at Muppandal,Grid Security,True,DOC-20260816-GU,Grid Security,0.872,classified,confirmed
EVT-2026-1368,2026-07-13 13:00:00,Western Region,Madhya Pradesh,MP_SOLAR_01,Solar,500,422.0,379.6,42.4,56.2,Reactive power compensation constraint at Tuticorin grid,Grid Security,True,DOC-20260713-MA,Grid Security,0.886,classified,mismatch
EVT-2026-1369,2026-07-28 14:00:00,Western Region,Rajasthan,RJ_SOLAR_01,Solar,1000,460.8,429.4,31.4,32.8,Planned line clearance for grid upgrade work,Maintenance / Outage,True,DOC-20260728-RA,Maintenance / Outage,0.91,classified,confirmed
EVT-2026-1370,2026-06-16 17:00:00,Southern Region,Andhra Pradesh,AP_SOLAR_02,Solar,450,275.5,257.5,18.0,18.0,Emergency backing down to prevent grid failure at Muppandal,Grid Security,True,DOC-20260616-AN,Grid Security,0.863,classified,confirmed
EVT-2026-1371,2026-08-13 20:00:00,Southern Region,Tamil Nadu,TN_WIND_02,Wind,350,215.5,177.6,37.9,37.9,System security constraint enforced by SRLDC dispatcher,Grid Security,True,DOC-20260813-TA,Grid Security,0.87,classified,confirmed
EVT-2026-1372,2026-06-02 18:00:00,Southern Region,Karnataka,KA_SOLAR_01,Solar,600,490.7,342.5,148.2,181.3,System security constraint enforced by ERLDC dispatcher,Grid Security,True,DOC-20260602-KA,Grid Security,0.877,classified,mismatch
EVT-2026-1373,2026-06-18 14:00:00,Western Region,Gujarat,GJ_WIND_01,Wind,400,373.0,258.3,114.7,114.7,Frequency control directive: reduce generation immediately,High Frequency,True,DOC-20260618-GU,High Frequency,0.892,classified,confirmed
EVT-2026-1374,2026-06-09 08:00:00,Southern Region,Andhra Pradesh,AP_SOLAR_02,Solar,450,256.9,226.9,30.0,30.0,Line loading exceeded thermal capacity limit at Khavda,Transmission Constraint,True,DOC-20260609-AN,Transmission Constraint,0.887,classified,confirmed
EVT-2026-1375,2026-07-25 10:00:00,Southern Region,Karnataka,KA_SOLAR_01,Solar,600,467.5,379.3,88.2,78.8,Commercial backing down order from state DISCOM (Javvnl),Commercial / Discom Request,True,DOC-20260725-KA,Commercial / Discom Request,0.882,classified,mismatch
EVT-2026-1376,2026-07-16 15:00:00,Southern Region,Tamil Nadu,TN_SOLAR_01,Solar,500,397.3,276.5,120.8,120.8,Line loading exceeded thermal capacity limit at Tuticorin,Transmission Constraint,True,DOC-20260716-TA,Transmission Constraint,0.884,classified,confirmed
EVT-2026-1377,2026-07-11 12:00:00,Southern Region,Tamil Nadu,TN_SOLAR_01,Solar,500,266.0,220.4,45.6,45.6,DISCOM commercial request due to low demand period,Commercial / Discom Request,True,DOC-20260711-TA,Commercial / Discom Request,0.917,classified,confirmed
EVT-2026-1378,2026-07-05 13:00:00,Southern Region,Karnataka,KA_SOLAR_01,Solar,600,461.8,344.1,117.7,117.7,Reactive power compensation constraint at Kayathar grid,Grid Security,True,DOC-20260705-KA,Grid Security,0.844,classified,confirmed
EVT-2026-1379,2026-08-14 12:00:00,Southern Region,Andhra Pradesh,AP_SOLAR_02,Solar,450,324.7,249.1,75.6,75.6,Emergency backing down to prevent grid failure at Tuticorin,Grid Security,True,DOC-20260814-AN,Grid Security,0.862,classified,confirmed
EVT-2026-1380,2026-07-02 21:00:00,Southern Region,Tamil Nadu,TN_WIND_02,Wind,350,243.1,198.5,44.6,44.6,"System frequency surge (50.13 Hz), active power curtailment executed",High Frequency,True,DOC-20260702-TA,High Frequency,0.901,classified,confirmed
EVT-2026-1381,2026-08-01 16:00:00,Southern Region,Andhra Pradesh,AP_SOLAR_02,Solar,450,395.0,346.3,48.7,48.7,Transmission line constraint at Khavda 400kV corridor,Transmission Constraint,True,DOC-20260801-AN,Transmission Constraint,0.875,classified,confirmed
EVT-2026-1382,2026-07-07 16:00:00,Southern Region,Tamil Nadu,TN_SOLAR_01,Solar,500,325.0,263.4,61.6,61.6,Low demand period discom backing down request,Commercial / Discom Request,True,DOC-20260707-TA,Commercial / Discom Request,0.911,classified,confirmed
EVT-2026-1383,2026-06-25 16:00:00,Southern Region,Karnataka,KA_SOLAR_01,Solar,600,338.9,250.3,88.6,88.6,Reactive power compensation constraint at Khavda grid,Grid Security,True,DOC-20260625-KA,Grid Security,0.871,classified,confirmed
EVT-2026-1384,2026-08-12 08:00:00,Western Region,Madhya Pradesh,MP_SOLAR_01,Solar,500,459.4,388.0,71.4,71.4,Emergency backing down to prevent grid failure at Kurnool,Grid Security,True,DOC-20260812-MA,Grid Security,0.843,classified,confirmed
EVT-2026-1385,2026-07-27 14:00:00,Western Region,Gujarat,GJ_WIND_01,Wind,400,308.9,258.2,50.7,50.7,Protection relay testing shutdown at pooling station,Maintenance / Outage,True,DOC-20260727-GU,Maintenance / Outage,0.891,classified,confirmed
EVT-2026-1386,2026-06-20 14:00:00,Southern Region,Andhra Pradesh,AP_SOLAR_02,Solar,450,344.6,273.7,70.9,53.3,"System frequency surge (50.08 Hz), active power curtailment executed",High Frequency,True,DOC-20260620-AN,High Frequency,0.91,classified,mismatch
EVT-2026-1387,2026-06-19 18:00:00,Western Region,Madhya Pradesh,MP_SOLAR_01,Solar,500,379.0,349.2,29.8,29.8,Reactive power compensation constraint at Rewa grid,Grid Security,True,DOC-20260619-MA,Grid Security,0.863,classified,confirmed
EVT-2026-1388,2026-08-06 09:00:00,Western Region,Gujarat,GJ_WIND_01,Wind,400,327.6,223.5,104.1,104.1,Over-generation mitigation required for grid stability,Grid Security,True,DOC-20260806-GU,Grid Security,0.885,classified,confirmed
EVT-2026-1389,2026-07-19 03:00:00,Western Region,Gujarat,GJ_WIND_01,Wind,400,241.9,160.5,81.4,81.4,Line loading exceeded thermal capacity limit at Kurnool,Transmission Constraint,True,DOC-20260719-GU,Transmission Constraint,0.891,classified,confirmed
EVT-2026-1390,2026-07-02 17:00:00,Southern Region,Karnataka,KA_SOLAR_01,Solar,600,395.9,252.7,143.2,143.2,Transformer maintenance outage at evacuation yard,Maintenance / Outage,True,DOC-20260702-KA,Maintenance / Outage,0.873,classified,confirmed
EVT-2026-1391,2026-06-26 15:00:00,Southern Region,Karnataka,KA_SOLAR_01,Solar,600,380.9,234.4,146.5,146.5,Over-frequency condition (50.09 Hz) detected across regional grid,High Frequency,True,DOC-20260626-KA,High Frequency,0.893,classified,confirmed
EVT-2026-1392,2026-08-11 06:00:00,Southern Region,Tamil Nadu,TN_SOLAR_01,Solar,500,369.5,347.7,21.8,21.8,"Inter-regional corridor bottleneck, backing down required",Transmission Constraint,True,DOC-20260811-TA,Transmission Constraint,0.901,classified,confirmed
EVT-2026-1393,2026-07-15 13:00:00,Western Region,Gujarat,GJ_WIND_01,Wind,400,265.2,164.7,100.5,100.5,Commercial backing down order from state DISCOM (Javvnl),Commercial / Discom Request,True,DOC-20260715-GU,Commercial / Discom Request,0.882,classified,confirmed
EVT-2026-1394,2026-06-30 08:00:00,Southern Region,Karnataka,KA_SOLAR_01,Solar,600,434.8,278.7,156.1,156.1,Frequency control directive: reduce generation immediately,High Frequency,True,DOC-20260630-KA,High Frequency,0.892,classified,confirmed
EVT-2026-1395,2026-08-04 14:00:00,Southern Region,Karnataka,KA_SOLAR_01,Solar,600,410.5,386.4,24.1,24.1,Over-generation mitigation required for grid stability,Grid Security,True,DOC-20260804-KA,Grid Security,0.885,classified,confirmed
EVT-2026-1396,2026-07-22 18:00:00,Southern Region,Andhra Pradesh,AP_SOLAR_02,Solar,450,413.3,396.5,16.8,16.8,"Frequency higher than statutory limit (50.12 Hz), RE reduction mandated",High Frequency,True,DOC-20260722-AN,High Frequency,0.886,classified,confirmed
EVT-2026-1397,2026-08-01 07:00:00,Southern Region,Tamil Nadu,TN_SOLAR_01,Solar,500,249.5,178.1,71.4,71.4,Grid security alert: voltage instability detected at Kayathar,Grid Security,True,DOC-20260801-TA,Grid Security,0.863,classified,confirmed
EVT-2026-1398,2026-07-11 12:00:00,Western Region,Rajasthan,RJ_SOLAR_01,Solar,1000,893.9,687.2,206.7,206.7,Planned line clearance for grid upgrade work,Maintenance / Outage,True,DOC-20260711-RA,Maintenance / Outage,0.91,classified,confirmed
EVT-2026-1399,2026-08-09 10:00:00,Western Region,Rajasthan,RJ_SOLAR_01,Solar,1000,527.7,368.5,159.2,159.2,Transmission line constraint at Bhuj 400kV corridor,Transmission Constraint,True,DOC-20260809-RA,Transmission Constraint,0.859,classified,confirmed
EVT-2026-1400,2026-06-01 06:00:00,Southern Region,Karnataka,KA_SOLAR_01,Solar,600,527.1,318.9,208.2,208.2,Emergency backing down to prevent grid failure at Bhadla,Grid Security,True,DOC-20260601-KA,Grid Security,0.829,classified,confirmed
EVT-2026-1401,2026-07-17 13:00:00,Southern Region,Karnataka,KA_SOLAR_01,Solar,600,499.7,417.6,82.1,82.1,Planned line clearance for grid upgrade work,Maintenance / Outage,True,DOC-20260717-KA,Maintenance / Outage,0.91,classified,confirmed
EVT-2026-1402,2026-06-10 16:00:00,Southern Region,Tamil Nadu,TN_SOLAR_01,Solar,500,464.8,359.2,105.6,92.5,Protection relay testing shutdown at pooling station,Maintenance / Outage,True,DOC-20260610-TA,Maintenance / Outage,0.891,classified,mismatch
EVT-2026-1403,2026-06-05 10:00:00,Southern Region,Andhra Pradesh,AP_SOLAR_02,Solar,450,292.6,210.5,82.1,82.1,Emergency backing down to prevent grid failure at Khavda,Grid Security,True,DOC-20260605-AN,Grid Security,0.843,classified,confirmed
EVT-2026-1404,2026-06-10 18:00:00,Southern Region,Karnataka,KA_SOLAR_01,Solar,600,361.3,303.7,57.6,57.6,Commercial backing down order from state DISCOM (Javvnl),Commercial / Discom Request,True,DOC-20260610-KA,Commercial / Discom Request,0.882,classified,confirmed
EVT-2026-1405,2026-06-21 05:00:00,Western Region,Gujarat,GJ_WIND_01,Wind,400,358.0,303.2,54.8,54.8,Line loading exceeded thermal capacity limit at Bhuj,Transmission Constraint,True,DOC-20260621-GU,Transmission Constraint,0.882,classified,confirmed
EVT-2026-1406,2026-07-01 12:00:00,Southern Region,Andhra Pradesh,AP_SOLAR_02,Solar,450,219.9,168.1,51.8,51.8,Economic dispatch instruction from SLDC control room,Commercial / Discom Request,True,DOC-20260701-AN,Commercial / Discom Request,0.898,classified,confirmed
EVT-2026-1407,2026-08-17 06:00:00,Western Region,Madhya Pradesh,MP_SOLAR_01,Solar,500,353.9,239.9,114.0,130.1,Line loading exceeded thermal capacity limit at Khavda,Transmission Constraint,True,DOC-20260817-MA,Transmission Constraint,0.887,classified,mismatch
EVT-2026-1408,2026-06-25 09:00:00,Western Region,Rajasthan,RJ_SOLAR_01,Solar,1000,593.2,522.8,70.4,70.4,Over-generation mitigation required for grid stability,Grid Security,True,DOC-20260625-RA,Grid Security,0.885,classified,confirmed
EVT-2026-1409,2026-07-19 09:00:00,Southern Region,Tamil Nadu,TN_WIND_02,Wind,350,291.0,206.7,84.3,84.3,"Frequency higher than statutory limit (50.07 Hz), RE reduction mandated",High Frequency,True,DOC-20260719-TA,High Frequency,0.903,classified,confirmed
EVT-2026-1410,2026-08-01 03:00:00,Southern Region,Tamil Nadu,TN_WIND_02,Wind,350,208.1,191.9,16.2,20.2,Frequency control directive: reduce generation immediately,High Frequency,True,DOC-20260801-TA,High Frequency,0.892,classified,confirmed
EVT-2026-1411,2026-06-26 20:00:00,Southern Region,Tamil Nadu,TN_WIND_02,Wind,350,267.1,206.4,60.7,60.7,Commercial backing down order from state DISCOM (Javvnl),Commercial / Discom Request,True,DOC-20260626-TA,Commercial / Discom Request,0.882,classified,confirmed
EVT-2026-1412,2026-07-31 07:00:00,Western Region,Madhya Pradesh,MP_SOLAR_01,Solar,500,408.1,315.5,92.6,59.6,Economic dispatch instruction from SLDC control room,Commercial / Discom Request,True,DOC-20260731-MA,Commercial / Discom Request,0.898,classified,mismatch
EVT-2026-1413,2026-06-13 13:00:00,Southern Region,Tamil Nadu,TN_WIND_02,Wind,350,233.8,188.4,45.4,45.4,Substation maintenance work scheduled at Kurnool,Maintenance / Outage,True,DOC-20260613-TA,Maintenance / Outage,0.868,classified,confirmed
EVT-2026-1414,2026-08-18 17:00:00,Southern Region,Tamil Nadu,TN_SOLAR_01,Solar,500,394.1,270.0,124.1,124.1,Power surrender by buying utility due to off-peak tariff,Commercial / Discom Request,True,DOC-20260818-TA,Commercial / Discom Request,0.881,classified,confirmed
EVT-2026-1415,2026-07-31 13:00:00,Southern Region,Tamil Nadu,TN_SOLAR_01,Solar,500,200.8,168.7,32.1,32.1,Reactive power compensation constraint at Kurnool grid,Grid Security,True,DOC-20260731-TA,Grid Security,0.863,classified,confirmed
EVT-2026-1416,2026-07-11 20:00:00,Western Region,Gujarat,GJ_WIND_01,Wind,400,371.2,262.2,109.0,109.0,"Frequency higher than statutory limit (50.07 Hz), RE reduction mandated",High Frequency,True,DOC-20260711-GU,High Frequency,0.903,classified,confirmed
EVT-2026-1417,2026-06-13 09:00:00,Western Region,Madhya Pradesh,MP_SOLAR_01,Solar,500,204.5,144.7,59.8,82.4,Transmission congestion on Kayathar to Tuticorin 765kV line,Transmission Constraint,True,DOC-20260613-MA,Transmission Constraint,0.834,classified,mismatch
EVT-2026-1418,2026-06-03 14:00:00,Western Region,Rajasthan,RJ_SOLAR_01,Solar,1000,903.9,629.8,274.1,274.1,Reactive power compensation constraint at Bhadla grid,Grid Security,True,DOC-20260603-RA,Grid Security,0.881,classified,confirmed
EVT-2026-1419,2026-06-13 22:00:00,Southern Region,Tamil Nadu,TN_WIND_02,Wind,350,296.4,225.8,70.6,70.6,"Inter-regional corridor bottleneck, backing down required",Transmission Constraint,True,DOC-20260613-TA,Transmission Constraint,0.901,classified,confirmed
EVT-2026-1420,2026-06-14 14:00:00,Southern Region,Andhra Pradesh,AP_SOLAR_02,Solar,450,321.2,212.0,109.2,109.2,Protection relay testing shutdown at pooling station,Maintenance / Outage,True,DOC-20260614-AN,Maintenance / Outage,0.891,classified,confirmed
EVT-2026-1421,2026-07-25 16:00:00,Western Region,Rajasthan,RJ_SOLAR_01,Solar,1000,750.1,489.5,260.6,260.6,Bay maintenance shutdown at Tuticorin RE pooling station,Maintenance / Outage,True,DOC-20260725-RA,Maintenance / Outage,0.894,classified,confirmed
EVT-2026-1422,2026-07-20 14:00:00,Southern Region,Karnataka,KA_SOLAR_01,Solar,600,533.3,501.1,32.2,32.2,Transformer maintenance outage at evacuation yard,Maintenance / Outage,True,DOC-20260720-KA,Maintenance / Outage,0.873,classified,confirmed
EVT-2026-1423,2026-08-15 11:00:00,Southern Region,Tamil Nadu,TN_SOLAR_01,Solar,500,313.7,272.9,40.8,40.8,Emergency backing down to prevent grid failure at Bhuj,Grid Security,True,DOC-20260815-TA,Grid Security,0.824,classified,confirmed
EVT-2026-1424,2026-06-29 06:00:00,Southern Region,Andhra Pradesh,AP_SOLAR_02,Solar,450,298.4,215.7,82.7,82.7,Reactive power compensation constraint at Rewa grid,Grid Security,True,DOC-20260629-AN,Grid Security,0.863,classified,confirmed
EVT-2026-1425,2026-07-28 06:00:00,Southern Region,Tamil Nadu,TN_WIND_02,Wind,350,178.9,120.7,58.2,58.2,Over-generation mitigation required for grid stability,Grid Security,True,DOC-20260728-TA,Grid Security,0.885,classified,confirmed
EVT-2026-1426,2026-06-28 18:00:00,Western Region,Rajasthan,RJ_SOLAR_01,Solar,1000,456.4,294.5,161.9,161.9,Frequency control directive: reduce generation immediately,High Frequency,True,DOC-20260628-RA,High Frequency,0.892,classified,confirmed
EVT-2026-1427,2026-07-31 09:00:00,Southern Region,Andhra Pradesh,AP_SOLAR_02,Solar,450,254.6,158.7,95.9,95.9,System security constraint enforced by NRLDC dispatcher,Grid Security,True,DOC-20260731-AN,Grid Security,0.888,classified,confirmed
EVT-2026-1428,2026-07-11 07:00:00,Southern Region,Tamil Nadu,TN_WIND_02,Wind,350,254.1,161.9,92.2,81.6,Economic dispatch instruction from SLDC control room,Commercial / Discom Request,True,DOC-20260711-TA,Commercial / Discom Request,0.898,classified,mismatch
EVT-2026-1429,2026-07-06 11:00:00,Western Region,Rajasthan,RJ_SOLAR_01,Solar,1000,505.4,349.2,156.2,156.2,Economic dispatch instruction from SLDC control room,Commercial / Discom Request,True,DOC-20260706-RA,Commercial / Discom Request,0.898,classified,confirmed
EVT-2026-1430,2026-07-07 02:00:00,Southern Region,Tamil Nadu,TN_WIND_02,Wind,350,236.8,143.2,93.6,93.6,Power surrender by buying utility due to off-peak tariff,Commercial / Discom Request,True,DOC-20260707-TA,Commercial / Discom Request,0.881,classified,confirmed
EVT-2026-1431,2026-07-23 10:00:00,Southern Region,Tamil Nadu,TN_WIND_02,Wind,350,228.0,172.3,55.7,55.7,Line loading exceeded thermal capacity limit at Bhuj,Transmission Constraint,True,DOC-20260723-TA,Transmission Constraint,0.882,classified,confirmed
EVT-2026-1432,2026-08-15 06:00:00,Western Region,Rajasthan,RJ_SOLAR_01,Solar,1000,648.0,513.0,135.0,135.0,Transmission congestion on Bhadla to Kurnool 765kV line,Transmission Constraint,True,DOC-20260815-RA,Transmission Constraint,0.86,classified,confirmed
EVT-2026-1433,2026-07-08 22:00:00,Western Region,Gujarat,GJ_WIND_01,Wind,400,244.6,215.5,29.1,29.1,Transmission congestion on Bhadla to Tuticorin 765kV line,Transmission Constraint,True,DOC-20260708-GU,Transmission Constraint,0.859,classified,confirmed
EVT-2026-1434,2026-06-25 20:00:00,Western Region,Gujarat,GJ_WIND_01,Wind,400,253.9,215.8,38.1,37.7,Planned line clearance for grid upgrade work,Maintenance / Outage,True,DOC-20260625-GU,Maintenance / Outage,0.91,classified,confirmed
EVT-2026-1435,2026-08-09 02:00:00,Southern Region,Tamil Nadu,TN_WIND_02,Wind,350,186.4,170.6,15.8,15.8,System security constraint enforced by SRLDC dispatcher,Grid Security,True,DOC-20260809-TA,Grid Security,0.87,classified,confirmed
EVT-2026-1436,2026-06-19 13:00:00,Southern Region,Tamil Nadu,TN_SOLAR_01,Solar,500,245.1,199.3,45.8,45.8,Low demand period discom backing down request,Commercial / Discom Request,True,DOC-20260619-TA,Commercial / Discom Request,0.911,classified,confirmed
EVT-2026-1437,2026-08-03 11:00:00,Southern Region,Karnataka,KA_SOLAR_01,Solar,600,529.8,470.0,59.8,59.8,Transmission congestion on Pavagada to Tuticorin 765kV line,Transmission Constraint,True,DOC-20260803-KA,Transmission Constraint,0.829,classified,confirmed
EVT-2026-1438,2026-06-15 21:00:00,Southern Region,Tamil Nadu,TN_WIND_02,Wind,350,303.5,199.0,104.5,104.5,Over-generation mitigation required for grid stability,Grid Security,True,DOC-20260615-TA,Grid Security,0.885,classified,confirmed
EVT-2026-1439,2026-07-08 10:00:00,Southern Region,Andhra Pradesh,AP_SOLAR_02,Solar,450,324.2,286.3,37.9,37.9,"Frequency higher than statutory limit (50.15 Hz), RE reduction mandated",High Frequency,True,DOC-20260708-AN,High Frequency,0.87,classified,confirmed
EVT-2026-1440,2026-08-15 06:00:00,Western Region,Rajasthan,RJ_SOLAR_01,Solar,1000,864.4,779.0,85.4,85.4,Low demand period discom backing down request,Commercial / Discom Request,True,DOC-20260815-RA,Commercial / Discom Request,0.911,classified,confirmed
EVT-2026-1441,2026-08-02 07:00:00,Southern Region,Tamil Nadu,TN_SOLAR_01,Solar,500,464.3,306.9,157.4,157.4,Reactive power compensation constraint at Pavagada grid,Grid Security,True,DOC-20260802-TA,Grid Security,0.859,classified,confirmed
EVT-2026-1442,2026-06-07 15:00:00,Western Region,Rajasthan,RJ_SOLAR_01,Solar,1000,753.9,640.8,113.1,113.1,Economic dispatch instruction from SLDC control room,Commercial / Discom Request,True,DOC-20260607-RA,Commercial / Discom Request,0.898,classified,confirmed
EVT-2026-1443,2026-07-03 13:00:00,Western Region,Rajasthan,RJ_SOLAR_01,Solar,1000,706.8,553.9,152.9,152.9,Bay maintenance shutdown at Bhuj RE pooling station,Maintenance / Outage,True,DOC-20260703-RA,Maintenance / Outage,0.892,classified,confirmed
EVT-2026-1444,2026-07-28 08:00:00,Western Region,Rajasthan,RJ_SOLAR_01,Solar,1000,575.4,450.2,125.2,144.2,"System frequency surge (50.06 Hz), active power curtailment executed",High Frequency,True,DOC-20260728-RA,High Frequency,0.891,classified,mismatch
EVT-2026-1445,2026-08-18 15:00:00,Western Region,Rajasthan,RJ_SOLAR_01,Solar,1000,642.4,430.1,212.3,242.7,"Inter-regional corridor bottleneck, backing down required",Transmission Constraint,True,DOC-20260818-RA,Transmission Constraint,0.901,classified,mismatch
EVT-2026-1446,2026-08-06 12:00:00,Southern Region,Andhra Pradesh,AP_SOLAR_02,Solar,450,255.5,189.7,65.8,65.8,Low demand period discom backing down request,Commercial / Discom Request,True,DOC-20260806-AN,Commercial / Discom Request,0.911,classified,confirmed
EVT-2026-1447,2026-07-09 15:00:00,Western Region,Madhya Pradesh,MP_SOLAR_01,Solar,500,304.9,202.3,102.6,102.6,Grid security alert: voltage instability detected at Khavda,Grid Security,True,DOC-20260709-MA,Grid Security,0.868,classified,confirmed
EVT-2026-1448,2026-06-25 13:00:00,Western Region,Rajasthan,RJ_SOLAR_01,Solar,1000,712.9,676.2,36.7,36.7,Commercial backing down order from state DISCOM (Javvnl),Commercial / Discom Request,True,DOC-20260625-RA,Commercial / Discom Request,0.882,classified,confirmed
EVT-2026-1449,2026-08-04 07:00:00,Southern Region,Karnataka,KA_SOLAR_01,Solar,600,535.5,416.1,119.4,120.6,Grid security alert: voltage instability detected at Tuticorin,Grid Security,True,DOC-20260804-KA,Grid Security,0.866,classified,confirmed
EVT-2026-1450,2026-08-03 07:00:00,Southern Region,Tamil Nadu,TN_WIND_02,Wind,350,198.4,164.2,34.2,34.2,Reactive power compensation constraint at Tuticorin grid,Grid Security,True,DOC-20260803-TA,Grid Security,0.886,classified,confirmed
EVT-2026-1451,2026-08-05 06:00:00,Southern Region,Tamil Nadu,TN_WIND_02,Wind,350,222.1,173.0,49.1,49.1,Power surrender by buying utility due to off-peak tariff,Commercial / Discom Request,True,DOC-20260805-TA,Commercial / Discom Request,0.881,classified,confirmed
EVT-2026-1452,2026-07-07 09:00:00,Southern Region,Tamil Nadu,TN_SOLAR_01,Solar,500,213.1,169.1,44.0,44.0,Power surrender by buying utility due to off-peak tariff,Commercial / Discom Request,True,DOC-20260707-TA,Commercial / Discom Request,0.881,classified,confirmed
EVT-2026-1453,2026-06-28 11:00:00,Southern Region,Andhra Pradesh,AP_SOLAR_02,Solar,450,366.8,341.1,25.7,26.5,Commercial backing down order from state DISCOM (Gurowvnl),Commercial / Discom Request,True,DOC-20260628-AN,Commercial / Discom Request,0.882,classified,confirmed
EVT-2026-1454,2026-07-06 12:00:00,Western Region,Madhya Pradesh,MP_SOLAR_01,Solar,500,456.6,298.3,158.3,158.3,Power surrender by buying utility due to off-peak tariff,Commercial / Discom Request,True,DOC-20260706-MA,Commercial / Discom Request,0.881,classified,confirmed
EVT-2026-1455,2026-08-07 20:00:00,Western Region,Gujarat,GJ_WIND_01,Wind,400,224.6,137.7,86.9,86.9,Frequency control directive: reduce generation immediately,High Frequency,True,DOC-20260807-GU,High Frequency,0.892,classified,confirmed
EVT-2026-1456,2026-06-14 13:00:00,Western Region,Gujarat,GJ_WIND_01,Wind,400,300.8,280.8,20.0,20.0,"High frequency in grid (50.1 Hz), backing down instructed by WRLDC",High Frequency,True,DOC-20260614-GU,High Frequency,0.873,classified,confirmed
EVT-2026-1457,2026-08-09 17:00:00,Western Region,Gujarat,GJ_WIND_01,Wind,400,240.0,192.9,47.1,47.1,Bay maintenance shutdown at Rewa RE pooling station,Maintenance / Outage,True,DOC-20260809-GU,Maintenance / Outage,0.88,classified,confirmed
EVT-2026-1458,2026-07-24 14:00:00,Southern Region,Andhra Pradesh,AP_SOLAR_02,Solar,450,230.4,172.1,58.3,58.3,Reactive power compensation constraint at Pavagada grid,Grid Security,True,DOC-20260724-AN,Grid Security,0.859,classified,confirmed
EVT-2026-1459,2026-07-04 22:00:00,Southern Region,Tamil Nadu,TN_WIND_02,Wind,350,182.5,153.8,28.7,23.1,Grid security alert: voltage instability detected at Khavda,Grid Security,True,DOC-20260704-TA,Grid Security,0.868,classified,mismatch
EVT-2026-1460,2026-07-12 18:00:00,Southern Region,Andhra Pradesh,AP_SOLAR_02,Solar,450,215.2,198.6,16.6,16.6,Grid security alert: voltage instability detected at Bhuj,Grid Security,True,DOC-20260712-AN,Grid Security,0.856,classified,confirmed
EVT-2026-1461,2026-06-09 06:00:00,Southern Region,Andhra Pradesh,AP_SOLAR_02,Solar,450,198.5,124.5,74.0,74.0,Emergency backing down to prevent grid failure at Muppandal,Grid Security,True,DOC-20260609-AN,Grid Security,0.863,classified,confirmed
EVT-2026-1462,2026-08-05 15:00:00,Southern Region,Andhra Pradesh,AP_SOLAR_02,Solar,450,188.2,159.0,29.2,29.2,System security constraint enforced by SRLDC dispatcher,Grid Security,True,DOC-20260805-AN,Grid Security,0.87,classified,confirmed
EVT-2026-1463,2026-07-14 17:00:00,Southern Region,Andhra Pradesh,AP_SOLAR_02,Solar,450,408.3,268.1,140.2,125.8,Reactive power compensation constraint at Kurnool grid,Grid Security,True,DOC-20260714-AN,Grid Security,0.863,classified,mismatch
EVT-2026-1464,2026-08-12 08:00:00,Western Region,Rajasthan,RJ_SOLAR_01,Solar,1000,879.8,608.1,271.7,271.7,Frequency control directive: reduce generation immediately,High Frequency,True,DOC-20260812-RA,High Frequency,0.892,classified,confirmed
EVT-2026-1465,2026-08-14 14:00:00,Western Region,Rajasthan,RJ_SOLAR_01,Solar,1000,694.6,609.6,85.0,85.0,System security constraint enforced by WRLDC dispatcher,Grid Security,True,DOC-20260814-RA,Grid Security,0.853,classified,confirmed
EVT-2026-1466,2026-06-17 14:00:00,Southern Region,Tamil Nadu,TN_WIND_02,Wind,350,208.9,147.6,61.3,61.3,Over-frequency condition (50.07 Hz) detected across regional grid,High Frequency,True,DOC-20260617-TA,High Frequency,0.895,classified,confirmed
EVT-2026-1467,2026-08-02 14:00:00,Western Region,Madhya Pradesh,MP_SOLAR_01,Solar,500,410.9,355.2,55.7,55.7,N-1 contingency constraint triggered on evacuation line,Transmission Constraint,True,DOC-20260802-MA,Transmission Constraint,0.897,classified,confirmed
EVT-2026-1468,2026-07-12 23:00:00,Southern Region,Tamil Nadu,TN_WIND_02,Wind,350,227.2,193.9,33.3,33.3,Protection relay testing shutdown at pooling station,Maintenance / Outage,True,DOC-20260712-TA,Maintenance / Outage,0.891,classified,confirmed
EVT-2026-1469,2026-07-30 15:00:00,Western Region,Gujarat,GJ_WIND_01,Wind,400,231.6,205.2,26.4,26.4,N-1 contingency constraint triggered on evacuation line,Transmission Constraint,True,DOC-20260730-GU,Transmission Constraint,0.897,classified,confirmed
EVT-2026-1470,2026-08-15 07:00:00,Southern Region,Tamil Nadu,TN_SOLAR_01,Solar,500,245.5,172.7,72.8,72.8,Substation maintenance work scheduled at Bhadla,Maintenance / Outage,True,DOC-20260815-TA,Maintenance / Outage,0.842,classified,confirmed
EVT-2026-1471,2026-08-05 14:00:00,Southern Region,Tamil Nadu,TN_SOLAR_01,Solar,500,470.3,399.3,71.0,71.0,System security constraint enforced by NRLDC dispatcher,Grid Security,True,DOC-20260805-TA,Grid Security,0.888,classified,confirmed
EVT-2026-1472,2026-08-20 07:00:00,Southern Region,Tamil Nadu,TN_SOLAR_01,Solar,500,208.2,148.2,60.0,60.0,Transmission line constraint at Muppandal 400kV corridor,Transmission Constraint,True,DOC-20260820-TA,Transmission Constraint,0.852,classified,confirmed
EVT-2026-1473,2026-07-05 17:00:00,Southern Region,Tamil Nadu,TN_SOLAR_01,Solar,500,399.8,339.3,60.5,60.5,Transmission congestion on Muppandal to Pavagada 765kV line,Transmission Constraint,True,DOC-20260705-TA,Transmission Constraint,0.818,classified,confirmed
EVT-2026-1474,2026-08-12 08:00:00,Southern Region,Andhra Pradesh,AP_SOLAR_02,Solar,450,254.1,193.8,60.3,60.3,"High frequency in grid (50.11 Hz), backing down instructed by WRLDC",High Frequency,True,DOC-20260812-AN,High Frequency,0.842,classified,confirmed
EVT-2026-1475,2026-08-09 09:00:00,Southern Region,Andhra Pradesh,AP_SOLAR_02,Solar,450,358.6,270.3,88.3,88.3,"High frequency in grid (50.09 Hz), backing down instructed by NRLDC",High Frequency,True,DOC-20260809-AN,High Frequency,0.869,classified,confirmed
EVT-2026-1476,2026-06-17 08:00:00,Western Region,Gujarat,GJ_WIND_01,Wind,400,248.5,205.5,43.0,43.0,Low demand period discom backing down request,Commercial / Discom Request,True,DOC-20260617-GU,Commercial / Discom Request,0.911,classified,confirmed
EVT-2026-1477,2026-06-17 16:00:00,Southern Region,Andhra Pradesh,AP_SOLAR_02,Solar,450,189.3,116.4,72.9,72.9,Transmission line constraint at Bhadla 400kV corridor,Transmission Constraint,True,DOC-20260617-AN,Transmission Constraint,0.84,classified,confirmed
EVT-2026-1478,2026-07-10 07:00:00,Southern Region,Andhra Pradesh,AP_SOLAR_02,Solar,450,288.4,228.4,60.0,55.5,Transformer maintenance outage at evacuation yard,Maintenance / Outage,True,DOC-20260710-AN,Maintenance / Outage,0.873,classified,confirmed
EVT-2026-1479,2026-06-07 08:00:00,Western Region,Madhya Pradesh,MP_SOLAR_01,Solar,500,426.2,330.9,95.3,95.3,"High frequency in grid (50.13 Hz), backing down instructed by ERLDC",High Frequency,True,DOC-20260607-MA,High Frequency,0.88,classified,confirmed
EVT-2026-1480,2026-07-25 07:00:00,Western Region,Rajasthan,RJ_SOLAR_01,Solar,1000,565.1,460.9,104.2,117.9,Power surrender by buying utility due to off-peak tariff,Commercial / Discom Request,True,DOC-20260725-RA,Commercial / Discom Request,0.881,classified,mismatch
EVT-2026-1481,2026-08-15 14:00:00,Southern Region,Karnataka,KA_SOLAR_01,Solar,600,255.7,156.6,99.1,99.1,Grid security alert: voltage instability detected at Muppandal,Grid Security,True,DOC-20260815-KA,Grid Security,0.872,classified,confirmed
EVT-2026-1482,2026-07-03 12:00:00,Southern Region,Andhra Pradesh,AP_SOLAR_02,Solar,450,360.7,306.3,54.4,54.4,"High frequency in grid (50.09 Hz), backing down instructed by WRLDC",High Frequency,True,DOC-20260703-AN,High Frequency,0.882,classified,confirmed
EVT-2026-1483,2026-07-11 12:00:00,Southern Region,Andhra Pradesh,AP_SOLAR_02,Solar,450,190.1,132.4,57.7,57.7,Line loading exceeded thermal capacity limit at Bhuj,Transmission Constraint,True,DOC-20260711-AN,Transmission Constraint,0.882,classified,confirmed
EVT-2026-1484,2026-06-07 12:00:00,Southern Region,Andhra Pradesh,AP_SOLAR_02,Solar,450,195.2,168.4,26.8,26.8,Emergency backing down to prevent grid failure at Khavda,Grid Security,True,DOC-20260607-AN,Grid Security,0.843,classified,confirmed
EVT-2026-1485,2026-08-08 11:00:00,Western Region,Madhya Pradesh,MP_SOLAR_01,Solar,500,456.0,316.7,139.3,139.3,DISCOM commercial request due to low demand period,Commercial / Discom Request,True,DOC-20260808-MA,Commercial / Discom Request,0.917,classified,confirmed
EVT-2026-1486,2026-08-20 07:00:00,Southern Region,Tamil Nadu,TN_SOLAR_01,Solar,500,449.1,414.8,34.3,34.3,N-1 contingency constraint triggered on evacuation line,Transmission Constraint,True,DOC-20260820-TA,Transmission Constraint,0.897,classified,confirmed
EVT-2026-1487,2026-08-15 01:00:00,Western Region,Gujarat,GJ_WIND_01,Wind,400,236.8,144.6,92.2,92.2,Power surrender by buying utility due to off-peak tariff,Commercial / Discom Request,True,DOC-20260815-GU,Commercial / Discom Request,0.881,classified,confirmed
EVT-2026-1488,2026-07-10 18:00:00,Southern Region,Tamil Nadu,TN_SOLAR_01,Solar,500,430.3,334.1,96.2,96.2,Frequency control directive: reduce generation immediately,High Frequency,True,DOC-20260710-TA,High Frequency,0.892,classified,confirmed
EVT-2026-1489,2026-08-19 17:00:00,Western Region,Rajasthan,RJ_SOLAR_01,Solar,1000,527.0,324.1,202.9,202.9,Commercial backing down order from state DISCOM (Gurowvnl),Commercial / Discom Request,True,DOC-20260819-RA,Commercial / Discom Request,0.882,classified,confirmed
EVT-2026-1490,2026-06-18 11:00:00,Western Region,Rajasthan,RJ_SOLAR_01,Solar,1000,933.0,680.9,252.1,252.1,Transmission line constraint at Kurnool 400kV corridor,Transmission Constraint,True,DOC-20260618-RA,Transmission Constraint,0.853,classified,confirmed
EVT-2026-1491,2026-06-13 11:00:00,Southern Region,Tamil Nadu,TN_SOLAR_01,Solar,500,380.4,327.5,52.9,52.9,Protection relay testing shutdown at pooling station,Maintenance / Outage,True,DOC-20260613-TA,Maintenance / Outage,0.891,classified,confirmed
EVT-2026-1492,2026-07-27 19:00:00,Southern Region,Tamil Nadu,TN_WIND_02,Wind,350,230.3,149.3,81.0,81.0,Protection relay testing shutdown at pooling station,Maintenance / Outage,True,DOC-20260727-TA,Maintenance / Outage,0.891,classified,confirmed
EVT-2026-1493,2026-06-04 17:00:00,Western Region,Madhya Pradesh,MP_SOLAR_01,Solar,500,423.4,271.5,151.9,151.9,N-1 contingency constraint triggered on evacuation line,Transmission Constraint,True,DOC-20260604-MA,Transmission Constraint,0.897,classified,confirmed
EVT-2026-1494,2026-07-26 15:00:00,Southern Region,Tamil Nadu,TN_SOLAR_01,Solar,500,461.7,405.7,56.0,56.0,"Inter-regional corridor bottleneck, backing down required",Transmission Constraint,True,DOC-20260726-TA,Transmission Constraint,0.901,classified,confirmed
EVT-2026-1495,2026-07-19 07:00:00,Western Region,Rajasthan,RJ_SOLAR_01,Solar,1000,558.9,364.6,194.3,194.3,"High frequency in grid (50.1 Hz), backing down instructed by ERLDC",High Frequency,True,DOC-20260719-RA,High Frequency,0.88,classified,confirmed
EVT-2026-1496,2026-07-27 08:00:00,Southern Region,Karnataka,KA_SOLAR_01,Solar,600,458.1,439.6,18.5,18.5,Grid security alert: voltage instability detected at Kayathar,Grid Security,True,DOC-20260727-KA,Grid Security,0.863,classified,confirmed
EVT-2026-1497,2026-08-17 15:00:00,Southern Region,Tamil Nadu,TN_SOLAR_01,Solar,500,258.6,159.3,99.3,106.2,Emergency backing down to prevent grid failure at Pavagada,Grid Security,True,DOC-20260817-TA,Grid Security,0.846,classified,mismatch
EVT-2026-1498,2026-07-19 07:00:00,Southern Region,Andhra Pradesh,AP_SOLAR_02,Solar,450,239.0,199.1,39.9,39.9,Frequency control directive: reduce generation immediately,High Frequency,True,DOC-20260719-AN,High Frequency,0.892,classified,confirmed
EVT-2026-1499,2026-07-23 11:00:00,Southern Region,Karnataka,KA_SOLAR_01,Solar,600,446.4,322.3,124.1,124.1,Over-generation mitigation required for grid stability,Grid Security,True,DOC-20260723-KA,Grid Security,0.885,classified,confirmed
EVT-2026-1500,2026-08-13 11:00:00,Western Region,Rajasthan,RJ_SOLAR_01,Solar,1000,714.0,646.3,67.7,67.7,Transmission line constraint at Pavagada 400kV corridor,Transmission Constraint,True,DOC-20260813-RA,Transmission Constraint,0.844,classified,confirmed
EVT-2026-1501,2026-06-08 01:00:00,Southern Region,Tamil Nadu,TN_WIND_02,Wind,350,176.6,132.9,43.7,43.7,Reactive power compensation constraint at Rewa grid,Grid Security,True,DOC-20260608-TA,Grid Security,0.863,classified,confirmed
EVT-2026-1502,2026-08-05 14:00:00,Southern Region,Karnataka,KA_SOLAR_01,Solar,600,367.2,266.0,101.2,101.2,Low demand period discom backing down request,Commercial / Discom Request,True,DOC-20260805-KA,Commercial / Discom Request,0.911,classified,confirmed
EVT-2026-1503,2026-06-02 16:00:00,Western Region,Madhya Pradesh,MP_SOLAR_01,Solar,500,445.8,314.4,131.4,131.4,"Inter-regional corridor bottleneck, backing down required",Transmission Constraint,True,DOC-20260602-MA,Transmission Constraint,0.901,classified,confirmed
EVT-2026-1504,2026-07-26 23:00:00,Western Region,Gujarat,GJ_WIND_01,Wind,400,325.3,304.0,21.3,21.3,Line loading exceeded thermal capacity limit at Tuticorin,Transmission Constraint,True,DOC-20260726-GU,Transmission Constraint,0.884,classified,confirmed
EVT-2026-1505,2026-06-01 07:00:00,Western Region,Rajasthan,RJ_SOLAR_01,Solar,1000,662.8,460.5,202.3,202.3,Transmission line constraint at Khavda 400kV corridor,Transmission Constraint,True,DOC-20260601-RA,Transmission Constraint,0.875,classified,confirmed
EVT-2026-1506,2026-06-04 07:00:00,Southern Region,Tamil Nadu,TN_SOLAR_01,Solar,500,296.7,232.1,64.6,64.6,Planned line clearance for grid upgrade work,Maintenance / Outage,True,DOC-20260604-TA,Maintenance / Outage,0.91,classified,confirmed
EVT-2026-1507,2026-06-02 03:00:00,Western Region,Gujarat,GJ_WIND_01,Wind,400,201.4,151.4,50.0,50.0,N-1 contingency constraint triggered on evacuation line,Transmission Constraint,True,DOC-20260602-GU,Transmission Constraint,0.897,classified,confirmed
EVT-2026-1508,2026-08-18 06:00:00,Southern Region,Tamil Nadu,TN_WIND_02,Wind,350,291.2,186.4,104.8,104.8,Substation maintenance work scheduled at Muppandal,Maintenance / Outage,True,DOC-20260818-TA,Maintenance / Outage,0.854,classified,confirmed
EVT-2026-1509,2026-06-13 11:00:00,Southern Region,Karnataka,KA_SOLAR_01,Solar,600,313.9,278.4,35.5,35.5,"System frequency surge (50.05 Hz), active power curtailment executed",High Frequency,True,DOC-20260613-KA,High Frequency,0.892,classified,confirmed
EVT-2026-1510,2026-07-17 08:00:00,Southern Region,Tamil Nadu,TN_SOLAR_01,Solar,500,312.1,249.2,62.9,44.6,Line loading exceeded thermal capacity limit at Bhadla,Transmission Constraint,True,DOC-20260717-TA,Transmission Constraint,0.885,classified,mismatch
EVT-2026-1511,2026-07-11 21:00:00,Western Region,Gujarat,GJ_WIND_01,Wind,400,181.0,125.9,55.1,55.1,System security constraint enforced by ERLDC dispatcher,Grid Security,True,DOC-20260711-GU,Grid Security,0.877,classified,confirmed
EVT-2026-1512,2026-07-14 15:00:00,Southern Region,Tamil Nadu,TN_SOLAR_01,Solar,500,454.2,346.9,107.3,107.3,Frequency control directive: reduce generation immediately,High Frequency,True,DOC-20260714-TA,High Frequency,0.892,classified,confirmed
EVT-2026-1513,2026-08-07 08:00:00,Southern Region,Andhra Pradesh,AP_SOLAR_02,Solar,450,255.8,221.5,34.3,34.3,Bay maintenance shutdown at Bhadla RE pooling station,Maintenance / Outage,True,DOC-20260807-AN,Maintenance / Outage,0.898,classified,confirmed
EVT-2026-1514,2026-06-23 10:00:00,Southern Region,Karnataka,KA_SOLAR_01,Solar,600,284.2,220.5,63.7,47.8,Over-generation mitigation required for grid stability,Grid Security,True,DOC-20260623-KA,Grid Security,0.885,classified,mismatch
EVT-2026-1515,2026-07-30 12:00:00,Southern Region,Andhra Pradesh,AP_SOLAR_02,Solar,450,281.3,182.2,99.1,99.1,N-1 contingency constraint triggered on evacuation line,Transmission Constraint,True,DOC-20260730-AN,Transmission Constraint,0.897,classified,confirmed
EVT-2026-1516,2026-06-01 15:00:00,Western Region,Madhya Pradesh,MP_SOLAR_01,Solar,500,397.0,285.0,112.0,134.3,Substation maintenance work scheduled at Rewa,Maintenance / Outage,True,DOC-20260601-MA,Maintenance / Outage,0.884,classified,mismatch
EVT-2026-1517,2026-06-16 09:00:00,Southern Region,Tamil Nadu,TN_SOLAR_01,Solar,500,200.8,130.7,70.1,70.1,Grid security alert: voltage instability detected at Bhuj,Grid Security,True,DOC-20260616-TA,Grid Security,0.856,classified,confirmed
EVT-2026-1518,2026-07-26 06:00:00,Southern Region,Tamil Nadu,TN_WIND_02,Wind,350,322.7,211.6,111.1,120.0,DISCOM commercial request due to low demand period,Commercial / Discom Request,True,DOC-20260726-TA,Commercial / Discom Request,0.917,classified,mismatch
EVT-2026-1519,2026-07-03 17:00:00,Southern Region,Tamil Nadu,TN_WIND_02,Wind,350,324.8,252.8,72.0,72.0,Over-frequency condition (50.07 Hz) detected across regional grid,High Frequency,True,DOC-20260703-TA,High Frequency,0.895,classified,confirmed
EVT-2026-1520,2026-07-04 23:00:00,Southern Region,Tamil Nadu,TN_WIND_02,Wind,350,195.3,153.6,41.7,41.7,Economic dispatch instruction from SLDC control room,Commercial / Discom Request,True,DOC-20260704-TA,Commercial / Discom Request,0.898,classified,confirmed
EVT-2026-1521,2026-07-15 14:00:00,Southern Region,Tamil Nadu,TN_SOLAR_01,Solar,500,441.1,422.0,19.1,19.1,Over-generation mitigation required for grid stability,Grid Security,True,DOC-20260715-TA,Grid Security,0.885,classified,confirmed
EVT-2026-1522,2026-08-01 18:00:00,Western Region,Madhya Pradesh,MP_SOLAR_01,Solar,500,341.8,296.5,45.3,45.3,"Inter-regional corridor bottleneck, backing down required",Transmission Constraint,True,DOC-20260801-MA,Transmission Constraint,0.901,classified,confirmed
EVT-2026-1523,2026-06-08 16:00:00,Southern Region,Karnataka,KA_SOLAR_01,Solar,600,368.9,248.2,120.7,120.7,"Frequency higher than statutory limit (50.13 Hz), RE reduction mandated",High Frequency,True,DOC-20260608-KA,High Frequency,0.894,classified,confirmed
EVT-2026-1524,2026-06-30 07:00:00,Southern Region,Karnataka,KA_SOLAR_01,Solar,600,506.8,485.3,21.5,21.5,System security constraint enforced by SRLDC dispatcher,Grid Security,True,DOC-20260630-KA,Grid Security,0.87,classified,confirmed
EVT-2026-1525,2026-07-04 23:00:00,Southern Region,Tamil Nadu,TN_WIND_02,Wind,350,235.7,193.9,41.8,41.8,Power surrender by buying utility due to off-peak tariff,Commercial / Discom Request,True,DOC-20260704-TA,Commercial / Discom Request,0.881,classified,confirmed
EVT-2026-1526,2026-07-26 00:00:00,Southern Region,Tamil Nadu,TN_WIND_02,Wind,350,203.3,138.6,64.7,64.7,Low demand period discom backing down request,Commercial / Discom Request,True,DOC-20260726-TA,Commercial / Discom Request,0.911,classified,confirmed
EVT-2026-1527,2026-08-14 19:00:00,Southern Region,Tamil Nadu,TN_WIND_02,Wind,350,202.5,176.0,26.5,26.5,Over-frequency condition (50.07 Hz) detected across regional grid,High Frequency,True,DOC-20260814-TA,High Frequency,0.895,classified,confirmed
EVT-2026-1528,2026-06-25 18:00:00,Southern Region,Andhra Pradesh,AP_SOLAR_02,Solar,450,308.6,187.0,121.6,121.6,Economic dispatch instruction from SLDC control room,Commercial / Discom Request,True,DOC-20260625-AN,Commercial / Discom Request,0.898,classified,confirmed
EVT-2026-1529,2026-06-07 16:00:00,Southern Region,Karnataka,KA_SOLAR_01,Solar,600,411.6,367.0,44.6,44.6,"Frequency higher than statutory limit (50.12 Hz), RE reduction mandated",High Frequency,True,DOC-20260607-KA,High Frequency,0.886,classified,confirmed
EVT-2026-1530,2026-08-15 15:00:00,Southern Region,Tamil Nadu,TN_WIND_02,Wind,350,175.0,133.7,41.3,41.3,Transmission congestion on Muppandal to Tuticorin 765kV line,Transmission Constraint,True,DOC-20260815-TA,Transmission Constraint,0.852,classified,confirmed
EVT-2026-1531,2026-06-15 15:00:00,Southern Region,Tamil Nadu,TN_SOLAR_01,Solar,500,410.5,367.4,43.1,43.1,Power surrender by buying utility due to off-peak tariff,Commercial / Discom Request,True,DOC-20260615-TA,Commercial / Discom Request,0.881,classified,confirmed
EVT-2026-1532,2026-06-11 07:00:00,Western Region,Gujarat,GJ_WIND_01,Wind,400,228.9,153.8,75.1,75.1,Low demand period discom backing down request,Commercial / Discom Request,True,DOC-20260611-GU,Commercial / Discom Request,0.911,classified,confirmed
EVT-2026-1533,2026-08-11 11:00:00,Western Region,Rajasthan,RJ_SOLAR_01,Solar,1000,682.9,414.8,268.1,218.9,Frequency control directive: reduce generation immediately,High Frequency,True,DOC-20260811-RA,High Frequency,0.892,classified,mismatch
EVT-2026-1534,2026-07-22 01:00:00,Southern Region,Tamil Nadu,TN_WIND_02,Wind,350,298.4,219.7,78.7,78.7,"Frequency higher than statutory limit (50.07 Hz), RE reduction mandated",High Frequency,True,DOC-20260722-TA,High Frequency,0.903,classified,confirmed
EVT-2026-1535,2026-06-24 09:00:00,Western Region,Rajasthan,RJ_SOLAR_01,Solar,1000,631.8,520.8,111.0,111.0,"High frequency in grid (50.12 Hz), backing down instructed by ERLDC",High Frequency,True,DOC-20260624-RA,High Frequency,0.871,classified,confirmed
EVT-2026-1536,2026-08-06 11:00:00,Southern Region,Andhra Pradesh,AP_SOLAR_02,Solar,450,292.8,187.8,105.0,105.0,"High frequency in grid (50.14 Hz), backing down instructed by NRLDC",High Frequency,True,DOC-20260806-AN,High Frequency,0.85,classified,confirmed
EVT-2026-1537,2026-06-29 11:00:00,Western Region,Rajasthan,RJ_SOLAR_01,Solar,1000,457.7,367.5,90.2,90.2,Emergency backing down to prevent grid failure at Tuticorin,Grid Security,True,DOC-20260629-RA,Grid Security,0.862,classified,confirmed
EVT-2026-1538,2026-06-18 16:00:00,Western Region,Madhya Pradesh,MP_SOLAR_01,Solar,500,414.0,365.6,48.4,48.4,"Inter-regional corridor bottleneck, backing down required",Transmission Constraint,True,DOC-20260618-MA,Transmission Constraint,0.901,classified,confirmed
EVT-2026-1539,2026-06-01 09:00:00,Western Region,Gujarat,GJ_WIND_01,Wind,400,279.2,227.6,51.6,51.6,Grid security alert: voltage instability detected at Muppandal,Grid Security,True,DOC-20260601-GU,Grid Security,0.872,classified,confirmed
EVT-2026-1540,2026-07-14 17:00:00,Southern Region,Tamil Nadu,TN_SOLAR_01,Solar,500,395.6,238.2,157.4,157.4,"System frequency surge (50.12 Hz), active power curtailment executed",High Frequency,True,DOC-20260714-TA,High Frequency,0.893,classified,confirmed
EVT-2026-1541,2026-08-12 14:00:00,Southern Region,Karnataka,KA_SOLAR_01,Solar,600,365.1,236.0,129.1,129.1,Frequency control directive: reduce generation immediately,High Frequency,True,DOC-20260812-KA,High Frequency,0.892,classified,confirmed
EVT-2026-1542,2026-08-11 17:00:00,Western Region,Rajasthan,RJ_SOLAR_01,Solar,1000,837.0,581.0,256.0,256.0,Transmission congestion on Tuticorin to Kurnool 765kV line,Transmission Constraint,True,DOC-20260811-RA,Transmission Constraint,0.843,classified,confirmed
EVT-2026-1543,2026-06-06 07:00:00,Southern Region,Karnataka,KA_SOLAR_01,Solar,600,393.8,237.3,156.5,156.5,"Frequency higher than statutory limit (50.08 Hz), RE reduction mandated",High Frequency,True,DOC-20260606-KA,High Frequency,0.903,classified,confirmed
EVT-2026-1544,2026-07-27 06:00:00,Western Region,Gujarat,GJ_WIND_01,Wind,400,258.1,229.2,28.9,28.9,Economic dispatch instruction from SLDC control room,Commercial / Discom Request,True,DOC-20260727-GU,Commercial / Discom Request,0.898,classified,confirmed
EVT-2026-1545,2026-07-18 09:00:00,Western Region,Rajasthan,RJ_SOLAR_01,Solar,1000,492.8,356.3,136.5,136.5,Planned line clearance for grid upgrade work,Maintenance / Outage,True,DOC-20260718-RA,Maintenance / Outage,0.91,classified,confirmed
EVT-2026-1546,2026-06-23 08:00:00,Southern Region,Tamil Nadu,TN_WIND_02,Wind,350,255.6,178.3,77.3,77.3,"System frequency surge (50.06 Hz), active power curtailment executed",High Frequency,True,DOC-20260623-TA,High Frequency,0.891,classified,confirmed
EVT-2026-1547,2026-07-13 14:00:00,Western Region,Gujarat,GJ_WIND_01,Wind,400,249.5,168.0,81.5,81.5,Grid security alert: voltage instability detected at Pavagada,Grid Security,True,DOC-20260713-GU,Grid Security,0.885,classified,confirmed
EVT-2026-1548,2026-06-12 14:00:00,Southern Region,Tamil Nadu,TN_SOLAR_01,Solar,500,373.2,324.6,48.6,48.6,System security constraint enforced by ERLDC dispatcher,Grid Security,True,DOC-20260612-TA,Grid Security,0.877,classified,confirmed
EVT-2026-1549,2026-07-25 16:00:00,Southern Region,Karnataka,KA_SOLAR_01,Solar,600,272.5,222.9,49.6,49.6,Emergency backing down to prevent grid failure at Rewa,Grid Security,True,DOC-20260725-KA,Grid Security,0.844,classified,confirmed
EVT-2026-1550,2026-06-09 07:00:00,Southern Region,Karnataka,KA_SOLAR_01,Solar,600,569.2,367.3,201.9,201.9,"Frequency higher than statutory limit (50.05 Hz), RE reduction mandated",High Frequency,True,DOC-20260609-KA,High Frequency,0.885,classified,confirmed
EVT-2026-1551,2026-06-05 16:00:00,Western Region,Madhya Pradesh,MP_SOLAR_01,Solar,500,469.5,396.9,72.6,72.6,"System frequency surge (50.06 Hz), active power curtailment executed",High Frequency,True,DOC-20260605-MA,High Frequency,0.891,classified,confirmed
EVT-2026-1552,2026-07-28 13:00:00,Southern Region,Karnataka,KA_SOLAR_01,Solar,600,286.3,255.6,30.7,30.7,Protection relay testing shutdown at pooling station,Maintenance / Outage,True,DOC-20260728-KA,Maintenance / Outage,0.891,classified,confirmed
EVT-2026-1553,2026-08-09 10:00:00,Western Region,Rajasthan,RJ_SOLAR_01,Solar,1000,795.4,675.4,120.0,120.0,Economic dispatch instruction from SLDC control room,Commercial / Discom Request,True,DOC-20260809-RA,Commercial / Discom Request,0.898,classified,confirmed
EVT-2026-1554,2026-08-02 14:00:00,Southern Region,Andhra Pradesh,AP_SOLAR_02,Solar,450,277.0,191.8,85.2,85.2,Economic dispatch instruction from SLDC control room,Commercial / Discom Request,True,DOC-20260802-AN,Commercial / Discom Request,0.898,classified,confirmed
EVT-2026-1555,2026-07-07 08:00:00,Western Region,Madhya Pradesh,MP_SOLAR_01,Solar,500,376.9,354.4,22.5,22.5,Substation maintenance work scheduled at Kurnool,Maintenance / Outage,True,DOC-20260707-MA,Maintenance / Outage,0.868,classified,confirmed
EVT-2026-1556,2026-07-26 20:00:00,Western Region,Gujarat,GJ_WIND_01,Wind,400,242.5,181.5,61.0,61.0,Line loading exceeded thermal capacity limit at Rewa,Transmission Constraint,True,DOC-20260726-GU,Transmission Constraint,0.869,classified,confirmed
EVT-2026-1557,2026-07-07 03:00:00,Western Region,Gujarat,GJ_WIND_01,Wind,400,243.3,188.4,54.9,54.9,"Frequency higher than statutory limit (50.08 Hz), RE reduction mandated",High Frequency,True,DOC-20260707-GU,High Frequency,0.903,classified,confirmed
EVT-2026-1558,2026-07-25 02:00:00,Southern Region,Tamil Nadu,TN_WIND_02,Wind,350,298.5,272.9,25.6,25.6,Reactive power compensation constraint at Pavagada grid,Grid Security,True,DOC-20260725-TA,Grid Security,0.859,classified,confirmed
EVT-2026-1559,2026-07-12 19:00:00,Southern Region,Tamil Nadu,TN_WIND_02,Wind,350,315.8,281.9,33.9,40.2,"Frequency higher than statutory limit (50.1 Hz), RE reduction mandated",High Frequency,True,DOC-20260712-TA,High Frequency,0.895,classified,mismatch
EVT-2026-1560,2026-08-06 15:00:00,Western Region,Rajasthan,RJ_SOLAR_01,Solar,1000,501.8,447.0,54.8,54.8,"Frequency higher than statutory limit (50.07 Hz), RE reduction mandated",High Frequency,True,DOC-20260806-RA,High Frequency,0.903,classified,confirmed
EVT-2026-1561,2026-06-25 16:00:00,Southern Region,Tamil Nadu,TN_SOLAR_01,Solar,500,452.1,277.4,174.7,235.2,Over-generation mitigation required for grid stability,Grid Security,True,DOC-20260625-TA,Grid Security,0.885,classified,mismatch
EVT-2026-1562,2026-08-02 08:00:00,Western Region,Madhya Pradesh,MP_SOLAR_01,Solar,500,234.2,201.1,33.1,33.1,"Inter-regional corridor bottleneck, backing down required",Transmission Constraint,True,DOC-20260802-MA,Transmission Constraint,0.901,classified,confirmed
EVT-2026-1563,2026-08-03 15:00:00,Western Region,Rajasthan,RJ_SOLAR_01,Solar,1000,593.8,392.2,201.6,201.6,Transmission congestion on Bhuj to Kurnool 765kV line,Transmission Constraint,True,DOC-20260803-RA,Transmission Constraint,0.847,classified,confirmed
EVT-2026-1564,2026-06-05 14:00:00,Southern Region,Tamil Nadu,TN_WIND_02,Wind,350,235.7,209.3,26.4,26.4,Bay maintenance shutdown at Muppandal RE pooling station,Maintenance / Outage,True,DOC-20260605-TA,Maintenance / Outage,0.893,classified,confirmed
EVT-2026-1565,2026-06-26 12:00:00,Western Region,Madhya Pradesh,MP_SOLAR_01,Solar,500,231.0,151.7,79.3,79.3,"Inter-regional corridor bottleneck, backing down required",Transmission Constraint,True,DOC-20260626-MA,Transmission Constraint,0.901,classified,confirmed
EVT-2026-1566,2026-08-10 10:00:00,Southern Region,Tamil Nadu,TN_SOLAR_01,Solar,500,231.8,208.8,23.0,23.0,DISCOM commercial request due to low demand period,Commercial / Discom Request,True,DOC-20260810-TA,Commercial / Discom Request,0.917,classified,confirmed
EVT-2026-1567,2026-06-10 00:00:00,Western Region,Gujarat,GJ_WIND_01,Wind,400,267.4,241.3,26.1,26.1,Transmission congestion on Kurnool to Bhadla 765kV line,Transmission Constraint,True,DOC-20260610-GU,Transmission Constraint,0.841,classified,confirmed
EVT-2026-1568,2026-07-31 08:00:00,Southern Region,Andhra Pradesh,AP_SOLAR_02,Solar,450,267.6,235.5,32.1,32.1,Over-frequency condition (50.1 Hz) detected across regional grid,High Frequency,True,DOC-20260731-AN,High Frequency,0.889,classified,confirmed
EVT-2026-1569,2026-07-19 09:00:00,Southern Region,Tamil Nadu,TN_WIND_02,Wind,350,183.1,155.1,28.0,20.4,Power surrender by buying utility due to off-peak tariff,Commercial / Discom Request,True,DOC-20260719-TA,Commercial / Discom Request,0.881,classified,mismatch
EVT-2026-1570,2026-07-17 06:00:00,Western Region,Rajasthan,RJ_SOLAR_01,Solar,1000,687.9,572.3,115.6,115.6,"Inter-regional corridor bottleneck, backing down required",Transmission Constraint,True,DOC-20260717-RA,Transmission Constraint,0.901,classified,confirmed
EVT-2026-1571,2026-07-06 12:00:00,Southern Region,Karnataka,KA_SOLAR_01,Solar,600,338.8,311.7,27.1,27.1,"Frequency higher than statutory limit (50.08 Hz), RE reduction mandated",High Frequency,True,DOC-20260706-KA,High Frequency,0.903,classified,confirmed
EVT-2026-1572,2026-07-09 06:00:00,Southern Region,Karnataka,KA_SOLAR_01,Solar,600,348.1,319.0,29.1,29.1,Bay maintenance shutdown at Kurnool RE pooling station,Maintenance / Outage,True,DOC-20260709-KA,Maintenance / Outage,0.886,classified,confirmed
EVT-2026-1573,2026-06-23 10:00:00,Western Region,Madhya Pradesh,MP_SOLAR_01,Solar,500,251.6,166.4,85.2,85.2,Power surrender by buying utility due to off-peak tariff,Commercial / Discom Request,True,DOC-20260623-MA,Commercial / Discom Request,0.881,classified,confirmed
EVT-2026-1574,2026-07-20 15:00:00,Western Region,Rajasthan,RJ_SOLAR_01,Solar,1000,799.5,580.2,219.3,219.3,Grid security alert: voltage instability detected at Pavagada,Grid Security,True,DOC-20260720-RA,Grid Security,0.885,classified,confirmed
EVT-2026-1575,2026-07-03 07:00:00,Western Region,Rajasthan,RJ_SOLAR_01,Solar,1000,517.9,443.6,74.3,74.3,"Frequency higher than statutory limit (50.09 Hz), RE reduction mandated",High Frequency,True,DOC-20260703-RA,High Frequency,0.902,classified,confirmed
EVT-2026-1576,2026-07-17 11:00:00,Southern Region,Andhra Pradesh,AP_SOLAR_02,Solar,450,195.0,128.3,66.7,66.7,System security constraint enforced by SRLDC dispatcher,Grid Security,True,DOC-20260717-AN,Grid Security,0.87,classified,confirmed
EVT-2026-1577,2026-07-27 13:00:00,Western Region,Rajasthan,RJ_SOLAR_01,Solar,1000,592.7,539.4,53.3,59.4,Planned line clearance for grid upgrade work,Maintenance / Outage,True,DOC-20260727-RA,Maintenance / Outage,0.91,classified,mismatch
EVT-2026-1578,2026-08-13 08:00:00,Western Region,Madhya Pradesh,MP_SOLAR_01,Solar,500,473.2,397.0,76.2,76.2,Low demand period discom backing down request,Commercial / Discom Request,True,DOC-20260813-MA,Commercial / Discom Request,0.911,classified,confirmed
EVT-2026-1579,2026-06-23 13:00:00,Southern Region,Karnataka,KA_SOLAR_01,Solar,600,292.6,245.8,46.8,36.3,Transmission congestion on Muppandal to Bhuj 765kV line,Transmission Constraint,True,DOC-20260623-KA,Transmission Constraint,0.808,classified,mismatch
EVT-2026-1580,2026-08-02 19:00:00,Southern Region,Tamil Nadu,TN_WIND_02,Wind,350,233.8,152.1,81.7,81.7,"High frequency in grid (50.12 Hz), backing down instructed by WRLDC",High Frequency,True,DOC-20260802-TA,High Frequency,0.864,classified,confirmed
EVT-2026-1581,2026-06-25 06:00:00,Southern Region,Andhra Pradesh,AP_SOLAR_02,Solar,450,193.8,130.0,63.8,63.8,Planned line clearance for grid upgrade work,Maintenance / Outage,True,DOC-20260625-AN,Maintenance / Outage,0.91,classified,confirmed
EVT-2026-1582,2026-07-25 18:00:00,Southern Region,Karnataka,KA_SOLAR_01,Solar,600,379.5,334.1,45.4,41.1,Line loading exceeded thermal capacity limit at Pavagada,Transmission Constraint,True,DOC-20260725-KA,Transmission Constraint,0.878,classified,confirmed
EVT-2026-1583,2026-07-14 03:00:00,Western Region,Gujarat,GJ_WIND_01,Wind,400,351.8,262.4,89.4,89.4,Transmission line constraint at Muppandal 400kV corridor,Transmission Constraint,True,DOC-20260714-GU,Transmission Constraint,0.852,classified,confirmed
EVT-2026-1584,2026-06-12 07:00:00,Southern Region,Karnataka,KA_SOLAR_01,Solar,600,366.5,335.7,30.8,30.8,Commercial backing down order from state DISCOM (Gurowvnl),Commercial / Discom Request,True,DOC-20260612-KA,Commercial / Discom Request,0.882,classified,confirmed
EVT-2026-1585,2026-06-11 08:00:00,Western Region,Rajasthan,RJ_SOLAR_01,Solar,1000,461.2,333.3,127.9,127.9,Protection relay testing shutdown at pooling station,Maintenance / Outage,True,DOC-20260611-RA,Maintenance / Outage,0.891,classified,confirmed
EVT-2026-1586,2026-06-30 07:00:00,Southern Region,Tamil Nadu,TN_SOLAR_01,Solar,500,426.6,360.8,65.8,65.8,Frequency control directive: reduce generation immediately,High Frequency,True,DOC-20260630-TA,High Frequency,0.892,classified,confirmed
EVT-2026-1587,2026-06-06 16:00:00,Southern Region,Andhra Pradesh,AP_SOLAR_02,Solar,450,236.0,219.8,16.2,16.2,Over-frequency condition (50.08 Hz) detected across regional grid,High Frequency,True,DOC-20260606-AN,High Frequency,0.896,classified,confirmed
EVT-2026-1588,2026-07-25 07:00:00,Western Region,Rajasthan,RJ_SOLAR_01,Solar,1000,486.5,431.3,55.2,55.2,"Inter-regional corridor bottleneck, backing down required",Transmission Constraint,True,DOC-20260725-RA,Transmission Constraint,0.901,classified,confirmed
EVT-2026-1589,2026-07-24 11:00:00,Southern Region,Karnataka,KA_SOLAR_01,Solar,600,362.8,325.5,37.3,37.3,Transformer maintenance outage at evacuation yard,Maintenance / Outage,True,DOC-20260724-KA,Maintenance / Outage,0.873,classified,confirmed
EVT-2026-1590,2026-06-04 10:00:00,Western Region,Madhya Pradesh,MP_SOLAR_01,Solar,500,400.9,274.8,126.1,126.1,Commercial backing down order from state DISCOM (Tangedco),Commercial / Discom Request,True,DOC-20260604-MA,Commercial / Discom Request,0.83,classified,confirmed
EVT-2026-1591,2026-07-29 08:00:00,Western Region,Gujarat,GJ_WIND_01,Wind,400,368.0,227.3,140.7,140.7,Planned line clearance for grid upgrade work,Maintenance / Outage,True,DOC-20260729-GU,Maintenance / Outage,0.91,classified,confirmed
EVT-2026-1592,2026-07-28 04:00:00,Southern Region,Tamil Nadu,TN_WIND_02,Wind,350,206.2,150.0,56.2,56.2,DISCOM commercial request due to low demand period,Commercial / Discom Request,True,DOC-20260728-TA,Commercial / Discom Request,0.917,classified,confirmed
EVT-2026-1593,2026-07-03 09:00:00,Western Region,Rajasthan,RJ_SOLAR_01,Solar,1000,545.2,408.6,136.6,137.4,System security constraint enforced by SRLDC dispatcher,Grid Security,True,DOC-20260703-RA,Grid Security,0.87,classified,confirmed
EVT-2026-1594,2026-07-24 08:00:00,Southern Region,Karnataka,KA_SOLAR_01,Solar,600,448.6,379.1,69.5,69.5,"High frequency in grid (50.11 Hz), backing down instructed by NRLDC",High Frequency,True,DOC-20260724-KA,High Frequency,0.828,classified,confirmed
EVT-2026-1595,2026-06-14 10:00:00,Southern Region,Karnataka,KA_SOLAR_01,Solar,600,279.7,181.0,98.7,98.7,"Frequency higher than statutory limit (50.12 Hz), RE reduction mandated",High Frequency,True,DOC-20260614-KA,High Frequency,0.886,classified,confirmed
EVT-2026-1596,2026-06-10 08:00:00,Western Region,Madhya Pradesh,MP_SOLAR_01,Solar,500,243.5,183.8,59.7,59.7,Emergency backing down to prevent grid failure at Bhuj,Grid Security,True,DOC-20260610-MA,Grid Security,0.824,classified,confirmed
EVT-2026-1597,2026-06-14 13:00:00,Western Region,Rajasthan,RJ_SOLAR_01,Solar,1000,741.9,595.9,146.0,146.0,Commercial backing down order from state DISCOM (Javvnl),Commercial / Discom Request,True,DOC-20260614-RA,Commercial / Discom Request,0.882,classified,confirmed
EVT-2026-1598,2026-07-30 15:00:00,Southern Region,Andhra Pradesh,AP_SOLAR_02,Solar,450,278.8,179.9,98.9,98.9,Over-frequency condition (50.08 Hz) detected across regional grid,High Frequency,True,DOC-20260730-AN,High Frequency,0.896,classified,confirmed
EVT-2026-1599,2026-07-16 13:00:00,Southern Region,Tamil Nadu,TN_WIND_02,Wind,350,285.4,219.3,66.1,66.1,"System frequency surge (50.05 Hz), active power curtailment executed",High Frequency,True,DOC-20260716-TA,High Frequency,0.892,classified,confirmed
EVT-2026-1600,2026-06-01 18:00:00,Western Region,Rajasthan,RJ_SOLAR_01,Solar,1000,894.9,640.0,254.9,254.9,Over-generation mitigation required for grid stability,Grid Security,True,DOC-20260601-RA,Grid Security,0.885,classified,confirmed
EVT-2026-1601,2026-08-19 20:00:00,Southern Region,Tamil Nadu,TN_WIND_02,Wind,350,257.6,213.1,44.5,44.5,Bay maintenance shutdown at Bhadla RE pooling station,Maintenance / Outage,True,DOC-20260819-TA,Maintenance / Outage,0.898,classified,confirmed
EVT-2026-1602,2026-07-22 12:00:00,Southern Region,Karnataka,KA_SOLAR_01,Solar,600,289.1,244.1,45.0,33.7,"System frequency surge (50.08 Hz), active power curtailment executed",High Frequency,True,DOC-20260722-KA,High Frequency,0.91,classified,mismatch
EVT-2026-1603,2026-06-22 09:00:00,Southern Region,Tamil Nadu,TN_SOLAR_01,Solar,500,220.8,133.3,87.5,96.5,System security constraint enforced by SRLDC dispatcher,Grid Security,True,DOC-20260622-TA,Grid Security,0.87,classified,mismatch
EVT-2026-1604,2026-06-14 10:00:00,Southern Region,Tamil Nadu,TN_WIND_02,Wind,350,291.6,235.1,56.5,56.5,Commercial backing down order from state DISCOM (Tangedco),Commercial / Discom Request,True,DOC-20260614-TA,Commercial / Discom Request,0.83,classified,confirmed
EVT-2026-1605,2026-07-12 15:00:00,Southern Region,Karnataka,KA_SOLAR_01,Solar,600,324.1,207.2,116.9,116.9,Power surrender by buying utility due to off-peak tariff,Commercial / Discom Request,True,DOC-20260712-KA,Commercial / Discom Request,0.881,classified,confirmed
EVT-2026-1606,2026-06-11 13:00:00,Western Region,Madhya Pradesh,MP_SOLAR_01,Solar,500,212.4,161.6,50.8,50.8,Economic dispatch instruction from SLDC control room,Commercial / Discom Request,True,DOC-20260611-MA,Commercial / Discom Request,0.898,classified,confirmed
EVT-2026-1607,2026-06-22 12:00:00,Southern Region,Karnataka,KA_SOLAR_01,Solar,600,292.4,257.7,34.7,34.7,Power surrender by buying utility due to off-peak tariff,Commercial / Discom Request,True,DOC-20260622-KA,Commercial / Discom Request,0.881,classified,confirmed
EVT-2026-1608,2026-07-17 11:00:00,Western Region,Gujarat,GJ_WIND_01,Wind,400,250.1,165.7,84.4,84.4,Reactive power compensation constraint at Khavda grid,Grid Security,True,DOC-20260717-GU,Grid Security,0.871,classified,confirmed
EVT-2026-1609,2026-07-31 09:00:00,Southern Region,Tamil Nadu,TN_SOLAR_01,Solar,500,441.9,425.2,16.7,16.7,Transformer maintenance outage at evacuation yard,Maintenance / Outage,True,DOC-20260731-TA,Maintenance / Outage,0.873,classified,confirmed
EVT-2026-1610,2026-07-10 15:00:00,Southern Region,Karnataka,KA_SOLAR_01,Solar,600,499.7,374.7,125.0,125.0,"Frequency higher than statutory limit (50.12 Hz), RE reduction mandated",High Frequency,True,DOC-20260710-KA,High Frequency,0.886,classified,confirmed
EVT-2026-1611,2026-07-26 11:00:00,Southern Region,Karnataka,KA_SOLAR_01,Solar,600,521.4,466.5,54.9,64.3,Economic dispatch instruction from SLDC control room,Commercial / Discom Request,True,DOC-20260726-KA,Commercial / Discom Request,0.898,classified,mismatch
EVT-2026-1612,2026-07-06 08:00:00,Western Region,Madhya Pradesh,MP_SOLAR_01,Solar,500,285.9,231.5,54.4,54.4,Emergency backing down to prevent grid failure at Rewa,Grid Security,True,DOC-20260706-MA,Grid Security,0.844,classified,confirmed
EVT-2026-1613,2026-06-05 03:00:00,Western Region,Gujarat,GJ_WIND_01,Wind,400,314.8,227.4,87.4,54.0,Reactive power compensation constraint at Kayathar grid,Grid Security,True,DOC-20260605-GU,Grid Security,0.844,classified,mismatch
EVT-2026-1614,2026-06-30 13:00:00,Southern Region,Tamil Nadu,TN_WIND_02,Wind,350,217.2,159.2,58.0,58.0,Substation maintenance work scheduled at Pavagada,Maintenance / Outage,True,DOC-20260630-TA,Maintenance / Outage,0.851,classified,confirmed
EVT-2026-1615,2026-07-01 11:00:00,Southern Region,Tamil Nadu,TN_WIND_02,Wind,350,226.4,184.8,41.6,41.6,"Inter-regional corridor bottleneck, backing down required",Transmission Constraint,True,DOC-20260701-TA,Transmission Constraint,0.901,classified,confirmed
EVT-2026-1616,2026-07-06 07:00:00,Southern Region,Andhra Pradesh,AP_SOLAR_02,Solar,450,423.7,336.7,87.0,87.0,Frequency control directive: reduce generation immediately,High Frequency,True,DOC-20260706-AN,High Frequency,0.892,classified,confirmed
EVT-2026-1617,2026-08-19 16:00:00,Southern Region,Tamil Nadu,TN_SOLAR_01,Solar,500,289.4,258.1,31.3,31.3,Line loading exceeded thermal capacity limit at Rewa,Transmission Constraint,True,DOC-20260819-TA,Transmission Constraint,0.869,classified,confirmed
EVT-2026-1618,2026-07-22 10:00:00,Western Region,Madhya Pradesh,MP_SOLAR_01,Solar,500,432.9,271.9,161.0,161.0,DISCOM commercial request due to low demand period,Commercial / Discom Request,True,DOC-20260722-MA,Commercial / Discom Request,0.917,classified,confirmed
EVT-2026-1619,2026-06-12 12:00:00,Southern Region,Tamil Nadu,TN_SOLAR_01,Solar,500,429.4,305.4,124.0,124.0,Bay maintenance shutdown at Tuticorin RE pooling station,Maintenance / Outage,True,DOC-20260612-TA,Maintenance / Outage,0.894,classified,confirmed
EVT-2026-1620,2026-06-01 10:00:00,Western Region,Madhya Pradesh,MP_SOLAR_01,Solar,500,332.3,259.9,72.4,72.4,Commercial backing down order from state DISCOM (Discom-West),Commercial / Discom Request,True,DOC-20260601-MA,Commercial / Discom Request,0.81,classified,confirmed
EVT-2026-1621,2026-08-09 15:00:00,Western Region,Madhya Pradesh,MP_SOLAR_01,Solar,500,351.6,300.9,50.7,50.7,Reactive power compensation constraint at Tuticorin grid,Grid Security,True,DOC-20260809-MA,Grid Security,0.886,classified,confirmed
EVT-2026-1622,2026-06-25 07:00:00,Southern Region,Karnataka,KA_SOLAR_01,Solar,600,381.0,365.1,15.9,15.9,DISCOM commercial request due to low demand period,Commercial / Discom Request,True,DOC-20260625-KA,Commercial / Discom Request,0.917,classified,confirmed
EVT-2026-1623,2026-07-03 14:00:00,Western Region,Rajasthan,RJ_SOLAR_01,Solar,1000,486.7,346.1,140.6,140.6,"High frequency in grid (50.13 Hz), backing down instructed by SRLDC",High Frequency,True,DOC-20260703-RA,High Frequency,0.848,classified,confirmed
EVT-2026-1624,2026-07-12 08:00:00,Western Region,Rajasthan,RJ_SOLAR_01,Solar,1000,564.9,362.3,202.6,231.2,Transformer maintenance outage at evacuation yard,Maintenance / Outage,True,DOC-20260712-RA,Maintenance / Outage,0.873,classified,mismatch
EVT-2026-1625,2026-07-11 00:00:00,Western Region,Gujarat,GJ_WIND_01,Wind,400,199.6,126.6,73.0,73.0,Planned line clearance for grid upgrade work,Maintenance / Outage,True,DOC-20260711-GU,Maintenance / Outage,0.91,classified,confirmed
EVT-2026-1626,2026-06-05 17:00:00,Southern Region,Tamil Nadu,TN_SOLAR_01,Solar,500,394.6,348.7,45.9,45.9,Planned line clearance for grid upgrade work,Maintenance / Outage,True,DOC-20260605-TA,Maintenance / Outage,0.91,classified,confirmed
EVT-2026-1627,2026-06-30 15:00:00,Western Region,Madhya Pradesh,MP_SOLAR_01,Solar,500,299.7,228.4,71.3,71.3,Commercial backing down order from state DISCOM (Javvnl),Commercial / Discom Request,True,DOC-20260630-MA,Commercial / Discom Request,0.882,classified,confirmed
EVT-2026-1628,2026-08-10 10:00:00,Western Region,Gujarat,GJ_WIND_01,Wind,400,252.7,230.9,21.8,21.8,Over-frequency condition (50.13 Hz) detected across regional grid,High Frequency,True,DOC-20260810-GU,High Frequency,0.884,classified,confirmed
EVT-2026-1629,2026-06-03 11:00:00,Western Region,Madhya Pradesh,MP_SOLAR_01,Solar,500,220.0,159.9,60.1,60.1,"System frequency surge (50.1 Hz), active power curtailment executed",High Frequency,True,DOC-20260603-MA,High Frequency,0.904,classified,confirmed
EVT-2026-1630,2026-06-10 07:00:00,Western Region,Madhya Pradesh,MP_SOLAR_01,Solar,500,397.1,329.3,67.8,67.8,Power surrender by buying utility due to off-peak tariff,Commercial / Discom Request,True,DOC-20260610-MA,Commercial / Discom Request,0.881,classified,confirmed
EVT-2026-1631,2026-06-16 11:00:00,Southern Region,Andhra Pradesh,AP_SOLAR_02,Solar,450,427.0,333.5,93.5,93.5,System security constraint enforced by ERLDC dispatcher,Grid Security,True,DOC-20260616-AN,Grid Security,0.877,classified,confirmed
EVT-2026-1632,2026-06-28 17:00:00,Southern Region,Karnataka,KA_SOLAR_01,Solar,600,560.0,483.9,76.1,76.1,"System frequency surge (50.06 Hz), active power curtailment executed",High Frequency,True,DOC-20260628-KA,High Frequency,0.891,classified,confirmed
EVT-2026-1633,2026-08-09 13:00:00,Southern Region,Tamil Nadu,TN_WIND_02,Wind,350,249.3,176.7,72.6,101.3,Substation maintenance work scheduled at Pavagada,Maintenance / Outage,True,DOC-20260809-TA,Maintenance / Outage,0.851,classified,mismatch
EVT-2026-1634,2026-06-13 15:00:00,Western Region,Madhya Pradesh,MP_SOLAR_01,Solar,500,450.8,316.4,134.4,134.4,Frequency control directive: reduce generation immediately,High Frequency,True,DOC-20260613-MA,High Frequency,0.892,classified,confirmed
EVT-2026-1635,2026-07-08 16:00:00,Southern Region,Andhra Pradesh,AP_SOLAR_02,Solar,450,288.6,210.8,77.8,77.8,Line loading exceeded thermal capacity limit at Rewa,Transmission Constraint,True,DOC-20260708-AN,Transmission Constraint,0.869,classified,confirmed
EVT-2026-1636,2026-06-17 07:00:00,Southern Region,Andhra Pradesh,AP_SOLAR_02,Solar,450,261.3,204.1,57.2,57.2,Protection relay testing shutdown at pooling station,Maintenance / Outage,True,DOC-20260617-AN,Maintenance / Outage,0.891,classified,confirmed
EVT-2026-1637,2026-07-28 15:00:00,Southern Region,Andhra Pradesh,AP_SOLAR_02,Solar,450,184.7,159.6,25.1,25.1,System security constraint enforced by NRLDC dispatcher,Grid Security,True,DOC-20260728-AN,Grid Security,0.888,classified,confirmed
EVT-2026-1638,2026-06-17 06:00:00,Southern Region,Karnataka,KA_SOLAR_01,Solar,600,327.0,209.0,118.0,118.0,Economic dispatch instruction from SLDC control room,Commercial / Discom Request,True,DOC-20260617-KA,Commercial / Discom Request,0.898,classified,confirmed
EVT-2026-1639,2026-06-23 11:00:00,Southern Region,Tamil Nadu,TN_SOLAR_01,Solar,500,435.5,265.8,169.7,169.7,Grid security alert: voltage instability detected at Rewa,Grid Security,True,DOC-20260623-TA,Grid Security,0.869,classified,confirmed
EVT-2026-1640,2026-07-26 13:00:00,Western Region,Madhya Pradesh,MP_SOLAR_01,Solar,500,334.8,316.7,18.1,14.9,Line loading exceeded thermal capacity limit at Bhadla,Transmission Constraint,True,DOC-20260726-MA,Transmission Constraint,0.885,classified,confirmed
EVT-2026-1641,2026-07-23 14:00:00,Western Region,Gujarat,GJ_WIND_01,Wind,400,320.9,199.5,121.4,95.1,"Frequency higher than statutory limit (50.06 Hz), RE reduction mandated",High Frequency,True,DOC-20260723-GU,High Frequency,0.884,classified,mismatch
EVT-2026-1642,2026-08-07 17:00:00,Southern Region,Tamil Nadu,TN_SOLAR_01,Solar,500,254.9,229.5,25.4,25.4,"Frequency higher than statutory limit (50.07 Hz), RE reduction mandated",High Frequency,True,DOC-20260807-TA,High Frequency,0.903,classified,confirmed
EVT-2026-1643,2026-06-11 12:00:00,Southern Region,Tamil Nadu,TN_SOLAR_01,Solar,500,418.2,327.5,90.7,90.7,Frequency control directive: reduce generation immediately,High Frequency,True,DOC-20260611-TA,High Frequency,0.892,classified,confirmed
EVT-2026-1644,2026-07-28 06:00:00,Southern Region,Andhra Pradesh,AP_SOLAR_02,Solar,450,300.9,257.6,43.3,43.3,Transformer maintenance outage at evacuation yard,Maintenance / Outage,True,DOC-20260728-AN,Maintenance / Outage,0.873,classified,confirmed
EVT-2026-1645,2026-08-03 08:00:00,Southern Region,Tamil Nadu,TN_SOLAR_01,Solar,500,393.6,285.7,107.9,107.9,Low demand period discom backing down request,Commercial / Discom Request,True,DOC-20260803-TA,Commercial / Discom Request,0.911,classified,confirmed
EVT-2026-1646,2026-06-30 09:00:00,Western Region,Rajasthan,RJ_SOLAR_01,Solar,1000,676.8,613.9,62.9,62.9,"High frequency in grid (50.08 Hz), backing down instructed by ERLDC",High Frequency,True,DOC-20260630-RA,High Frequency,0.89,classified,confirmed
EVT-2026-1647,2026-06-23 07:00:00,Western Region,Madhya Pradesh,MP_SOLAR_01,Solar,500,224.3,175.8,48.5,48.5,Bay maintenance shutdown at Bhuj RE pooling station,Maintenance / Outage,True,DOC-20260623-MA,Maintenance / Outage,0.892,classified,confirmed
EVT-2026-1648,2026-07-17 12:00:00,Western Region,Rajasthan,RJ_SOLAR_01,Solar,1000,578.3,406.3,172.0,172.0,"System frequency surge (50.08 Hz), active power curtailment executed",High Frequency,True,DOC-20260717-RA,High Frequency,0.91,classified,confirmed
EVT-2026-1649,2026-06-22 22:00:00,Southern Region,Tamil Nadu,TN_WIND_02,Wind,350,169.2,137.6,31.6,31.6,Power surrender by buying utility due to off-peak tariff,Commercial / Discom Request,True,DOC-20260622-TA,Commercial / Discom Request,0.881,classified,confirmed
EVT-2026-1650,2026-07-24 14:00:00,Western Region,Madhya Pradesh,MP_SOLAR_01,Solar,500,342.3,276.8,65.5,65.5,System security constraint enforced by NRLDC dispatcher,Grid Security,True,DOC-20260724-MA,Grid Security,0.888,classified,confirmed
EVT-2026-1651,2026-06-15 16:00:00,Southern Region,Tamil Nadu,TN_SOLAR_01,Solar,500,396.4,278.2,118.2,118.2,Reactive power compensation constraint at Muppandal grid,Grid Security,True,DOC-20260615-TA,Grid Security,0.867,classified,confirmed
EVT-2026-1652,2026-06-15 08:00:00,Southern Region,Tamil Nadu,TN_WIND_02,Wind,350,260.8,193.4,67.4,67.4,"Frequency higher than statutory limit (50.15 Hz), RE reduction mandated",High Frequency,True,DOC-20260615-TA,High Frequency,0.87,classified,confirmed
EVT-2026-1653,2026-06-27 11:00:00,Western Region,Madhya Pradesh,MP_SOLAR_01,Solar,500,389.8,344.5,45.3,45.3,Planned line clearance for grid upgrade work,Maintenance / Outage,True,DOC-20260627-MA,Maintenance / Outage,0.91,classified,confirmed
EVT-2026-1654,2026-06-01 11:00:00,Southern Region,Tamil Nadu,TN_SOLAR_01,Solar,500,249.8,156.8,93.0,93.0,"System frequency surge (50.09 Hz), active power curtailment executed",High Frequency,True,DOC-20260601-TA,High Frequency,0.908,classified,confirmed
EVT-2026-1655,2026-07-04 14:00:00,Southern Region,Karnataka,KA_SOLAR_01,Solar,600,517.2,497.4,19.8,19.8,Power surrender by buying utility due to off-peak tariff,Commercial / Discom Request,True,DOC-20260704-KA,Commercial / Discom Request,0.881,classified,confirmed
EVT-2026-1656,2026-08-17 17:00:00,Western Region,Rajasthan,RJ_SOLAR_01,Solar,1000,690.3,574.1,116.2,116.2,N-1 contingency constraint triggered on evacuation line,Transmission Constraint,True,DOC-20260817-RA,Transmission Constraint,0.897,classified,confirmed
EVT-2026-1657,2026-08-17 10:00:00,Southern Region,Karnataka,KA_SOLAR_01,Solar,600,429.8,336.1,93.7,93.7,N-1 contingency constraint triggered on evacuation line,Transmission Constraint,True,DOC-20260817-KA,Transmission Constraint,0.897,classified,confirmed
EVT-2026-1658,2026-07-27 16:00:00,Southern Region,Tamil Nadu,TN_SOLAR_01,Solar,500,298.0,221.3,76.7,76.7,Economic dispatch instruction from SLDC control room,Commercial / Discom Request,True,DOC-20260727-TA,Commercial / Discom Request,0.898,classified,confirmed
EVT-2026-1659,2026-06-14 14:00:00,Southern Region,Tamil Nadu,TN_SOLAR_01,Solar,500,252.0,229.7,22.3,17.0,Transformer maintenance outage at evacuation yard,Maintenance / Outage,True,DOC-20260614-TA,Maintenance / Outage,0.873,classified,mismatch
EVT-2026-1660,2026-06-23 06:00:00,Southern Region,Andhra Pradesh,AP_SOLAR_02,Solar,450,200.0,148.7,51.3,51.3,Planned line clearance for grid upgrade work,Maintenance / Outage,True,DOC-20260623-AN,Maintenance / Outage,0.91,classified,confirmed
EVT-2026-1661,2026-06-24 10:00:00,Western Region,Rajasthan,RJ_SOLAR_01,Solar,1000,433.7,295.9,137.8,137.8,"Frequency higher than statutory limit (50.08 Hz), RE reduction mandated",High Frequency,True,DOC-20260624-RA,High Frequency,0.903,classified,confirmed
EVT-2026-1662,2026-06-02 13:00:00,Southern Region,Tamil Nadu,TN_WIND_02,Wind,350,244.2,204.3,39.9,39.9,DISCOM commercial request due to low demand period,Commercial / Discom Request,True,DOC-20260602-TA,Commercial / Discom Request,0.917,classified,confirmed
EVT-2026-1663,2026-07-16 15:00:00,Southern Region,Tamil Nadu,TN_SOLAR_01,Solar,500,369.9,247.3,122.6,140.1,Substation maintenance work scheduled at Kurnool,Maintenance / Outage,True,DOC-20260716-TA,Maintenance / Outage,0.868,classified,mismatch
EVT-2026-1664,2026-06-09 13:00:00,Western Region,Rajasthan,RJ_SOLAR_01,Solar,1000,611.0,404.4,206.6,206.6,Frequency control directive: reduce generation immediately,High Frequency,True,DOC-20260609-RA,High Frequency,0.892,classified,confirmed
EVT-2026-1665,2026-06-06 12:00:00,Southern Region,Tamil Nadu,TN_SOLAR_01,Solar,500,394.0,374.8,19.2,19.2,Bay maintenance shutdown at Bhadla RE pooling station,Maintenance / Outage,True,DOC-20260606-TA,Maintenance / Outage,0.898,classified,confirmed
EVT-2026-1666,2026-06-04 18:00:00,Southern Region,Andhra Pradesh,AP_SOLAR_02,Solar,450,265.4,167.8,97.6,97.6,Protection relay testing shutdown at pooling station,Maintenance / Outage,True,DOC-20260604-AN,Maintenance / Outage,0.891,classified,confirmed
EVT-2026-1667,2026-06-25 10:00:00,Southern Region,Karnataka,KA_SOLAR_01,Solar,600,478.1,354.7,123.4,85.4,Over-frequency condition (50.07 Hz) detected across regional grid,High Frequency,True,DOC-20260625-KA,High Frequency,0.895,classified,mismatch
EVT-2026-1668,2026-07-18 17:00:00,Southern Region,Karnataka,KA_SOLAR_01,Solar,600,428.6,364.1,64.5,87.3,Bay maintenance shutdown at Tuticorin RE pooling station,Maintenance / Outage,True,DOC-20260718-KA,Maintenance / Outage,0.894,classified,mismatch
EVT-2026-1669,2026-07-11 17:00:00,Southern Region,Karnataka,KA_SOLAR_01,Solar,600,305.9,242.4,63.5,63.5,Emergency backing down to prevent grid failure at Muppandal,Grid Security,True,DOC-20260711-KA,Grid Security,0.863,classified,confirmed
EVT-2026-1670,2026-07-27 18:00:00,Southern Region,Tamil Nadu,TN_SOLAR_01,Solar,500,229.3,159.3,70.0,70.0,"System frequency surge (50.15 Hz), active power curtailment executed",High Frequency,True,DOC-20260727-TA,High Frequency,0.877,classified,confirmed
EVT-2026-1671,2026-06-28 09:00:00,Western Region,Rajasthan,RJ_SOLAR_01,Solar,1000,871.5,820.6,50.9,50.9,Commercial backing down order from state DISCOM (Gurowvnl),Commercial / Discom Request,True,DOC-20260628-RA,Commercial / Discom Request,0.882,classified,confirmed
EVT-2026-1672,2026-06-04 12:00:00,Southern Region,Karnataka,KA_SOLAR_01,Solar,600,493.5,391.2,102.3,102.3,Power surrender by buying utility due to off-peak tariff,Commercial / Discom Request,True,DOC-20260604-KA,Commercial / Discom Request,0.881,classified,confirmed
EVT-2026-1673,2026-08-18 12:00:00,Southern Region,Tamil Nadu,TN_WIND_02,Wind,350,254.6,237.2,17.4,17.4,Over-generation mitigation required for grid stability,Grid Security,True,DOC-20260818-TA,Grid Security,0.885,classified,confirmed
EVT-2026-1674,2026-07-21 16:00:00,Southern Region,Karnataka,KA_SOLAR_01,Solar,600,270.0,188.5,81.5,107.2,System security constraint enforced by SRLDC dispatcher,Grid Security,True,DOC-20260721-KA,Grid Security,0.87,classified,mismatch
EVT-2026-1675,2026-08-18 18:00:00,Western Region,Madhya Pradesh,MP_SOLAR_01,Solar,500,377.1,309.3,67.8,67.8,Low demand period discom backing down request,Commercial / Discom Request,True,DOC-20260818-MA,Commercial / Discom Request,0.911,classified,confirmed
EVT-2026-1676,2026-07-28 12:00:00,Southern Region,Andhra Pradesh,AP_SOLAR_02,Solar,450,313.4,229.2,84.2,84.2,Over-generation mitigation required for grid stability,Grid Security,True,DOC-20260728-AN,Grid Security,0.885,classified,confirmed
EVT-2026-1677,2026-07-12 09:00:00,Western Region,Rajasthan,RJ_SOLAR_01,Solar,1000,930.7,607.4,323.3,323.3,Power surrender by buying utility due to off-peak tariff,Commercial / Discom Request,True,DOC-20260712-RA,Commercial / Discom Request,0.881,classified,confirmed
EVT-2026-1678,2026-07-01 01:00:00,Western Region,Gujarat,GJ_WIND_01,Wind,400,193.1,152.2,40.9,40.9,Emergency backing down to prevent grid failure at Pavagada,Grid Security,True,DOC-20260701-GU,Grid Security,0.846,classified,confirmed
EVT-2026-1679,2026-07-26 15:00:00,Southern Region,Karnataka,KA_SOLAR_01,Solar,600,495.0,477.4,17.6,18.1,Line loading exceeded thermal capacity limit at Khavda,Transmission Constraint,True,DOC-20260726-KA,Transmission Constraint,0.887,classified,confirmed
EVT-2026-1680,2026-06-29 13:00:00,Western Region,Rajasthan,RJ_SOLAR_01,Solar,1000,909.0,656.7,252.3,252.3,"System frequency surge (50.15 Hz), active power curtailment executed",High Frequency,True,DOC-20260629-RA,High Frequency,0.877,classified,confirmed
EVT-2026-1681,2026-06-13 15:00:00,Southern Region,Tamil Nadu,TN_SOLAR_01,Solar,500,317.3,196.5,120.8,120.8,Low demand period discom backing down request,Commercial / Discom Request,True,DOC-20260613-TA,Commercial / Discom Request,0.911,classified,confirmed
EVT-2026-1682,2026-06-03 18:00:00,Western Region,Rajasthan,RJ_SOLAR_01,Solar,1000,810.5,759.2,51.3,51.3,"Inter-regional corridor bottleneck, backing down required",Transmission Constraint,True,DOC-20260603-RA,Transmission Constraint,0.901,classified,confirmed
EVT-2026-1683,2026-06-21 04:00:00,Western Region,Gujarat,GJ_WIND_01,Wind,400,228.8,204.3,24.5,24.5,Economic dispatch instruction from SLDC control room,Commercial / Discom Request,True,DOC-20260621-GU,Commercial / Discom Request,0.898,classified,confirmed
EVT-2026-1684,2026-08-14 17:00:00,Southern Region,Andhra Pradesh,AP_SOLAR_02,Solar,450,357.2,223.3,133.9,133.9,Planned line clearance for grid upgrade work,Maintenance / Outage,True,DOC-20260814-AN,Maintenance / Outage,0.91,classified,confirmed
EVT-2026-1685,2026-07-15 13:00:00,Western Region,Rajasthan,RJ_SOLAR_01,Solar,1000,547.6,474.5,73.1,89.5,"Frequency higher than statutory limit (50.07 Hz), RE reduction mandated",High Frequency,True,DOC-20260715-RA,High Frequency,0.903,classified,mismatch
EVT-2026-1686,2026-07-05 16:00:00,Southern Region,Tamil Nadu,TN_SOLAR_01,Solar,500,401.5,324.1,77.4,105.9,"Inter-regional corridor bottleneck, backing down required",Transmission Constraint,True,DOC-20260705-TA,Transmission Constraint,0.901,classified,mismatch
EVT-2026-1687,2026-08-07 12:00:00,Southern Region,Andhra Pradesh,AP_SOLAR_02,Solar,450,343.1,235.9,107.2,107.2,Substation maintenance work scheduled at Bhuj,Maintenance / Outage,True,DOC-20260807-AN,Maintenance / Outage,0.854,classified,confirmed
EVT-2026-1688,2026-07-29 13:00:00,Southern Region,Tamil Nadu,TN_SOLAR_01,Solar,500,359.7,219.4,140.3,140.3,Transmission congestion on Tuticorin to Bhadla 765kV line,Transmission Constraint,True,DOC-20260729-TA,Transmission Constraint,0.84,classified,confirmed
EVT-2026-1689,2026-08-13 06:00:00,Western Region,Rajasthan,RJ_SOLAR_01,Solar,1000,638.6,502.6,136.0,108.5,"Frequency higher than statutory limit (50.14 Hz), RE reduction mandated",High Frequency,True,DOC-20260813-RA,High Frequency,0.886,classified,mismatch
EVT-2026-1690,2026-06-21 10:00:00,Southern Region,Andhra Pradesh,AP_SOLAR_02,Solar,450,281.7,227.3,54.4,54.4,Over-frequency condition (50.07 Hz) detected across regional grid,High Frequency,True,DOC-20260621-AN,High Frequency,0.895,classified,confirmed
EVT-2026-1691,2026-06-18 01:00:00,Western Region,Gujarat,GJ_WIND_01,Wind,400,350.5,290.8,59.7,59.7,Economic dispatch instruction from SLDC control room,Commercial / Discom Request,True,DOC-20260618-GU,Commercial / Discom Request,0.898,classified,confirmed
EVT-2026-1692,2026-07-14 16:00:00,Southern Region,Karnataka,KA_SOLAR_01,Solar,600,255.5,204.9,50.6,50.6,Grid security alert: voltage instability detected at Kurnool,Grid Security,True,DOC-20260714-KA,Grid Security,0.875,classified,confirmed
EVT-2026-1693,2026-07-04 15:00:00,Southern Region,Tamil Nadu,TN_SOLAR_01,Solar,500,310.6,206.5,104.1,104.1,Planned line clearance for grid upgrade work,Maintenance / Outage,True,DOC-20260704-TA,Maintenance / Outage,0.91,classified,confirmed
EVT-2026-1694,2026-07-08 16:00:00,Western Region,Madhya Pradesh,MP_SOLAR_01,Solar,500,407.6,244.8,162.8,162.8,"Frequency higher than statutory limit (50.05 Hz), RE reduction mandated",High Frequency,True,DOC-20260708-MA,High Frequency,0.885,classified,confirmed
EVT-2026-1695,2026-07-14 18:00:00,Western Region,Madhya Pradesh,MP_SOLAR_01,Solar,500,427.4,348.0,79.4,62.3,Planned line clearance for grid upgrade work,Maintenance / Outage,True,DOC-20260714-MA,Maintenance / Outage,0.91,classified,mismatch
EVT-2026-1696,2026-06-29 07:00:00,Western Region,Rajasthan,RJ_SOLAR_01,Solar,1000,620.7,593.6,27.1,27.1,Emergency backing down to prevent grid failure at Muppandal,Grid Security,True,DOC-20260629-RA,Grid Security,0.863,classified,confirmed
EVT-2026-1697,2026-08-17 18:00:00,Southern Region,Tamil Nadu,TN_SOLAR_01,Solar,500,296.1,213.3,82.8,82.8,Grid security alert: voltage instability detected at Kurnool,Grid Security,True,DOC-20260817-TA,Grid Security,0.875,classified,confirmed
EVT-2026-1698,2026-07-01 16:00:00,Southern Region,Tamil Nadu,TN_WIND_02,Wind,350,187.3,120.2,67.1,67.1,Commercial backing down order from state DISCOM (Javvnl),Commercial / Discom Request,True,DOC-20260701-TA,Commercial / Discom Request,0.882,classified,confirmed
EVT-2026-1699,2026-06-20 08:00:00,Southern Region,Andhra Pradesh,AP_SOLAR_02,Solar,450,422.1,270.5,151.6,133.2,Low demand period discom backing down request,Commercial / Discom Request,True,DOC-20260620-AN,Commercial / Discom Request,0.911,classified,mismatch
EVT-2026-1700,2026-07-12 17:00:00,Western Region,Madhya Pradesh,MP_SOLAR_01,Solar,500,395.7,250.6,145.1,145.1,Commercial backing down order from state DISCOM (Gurowvnl),Commercial / Discom Request,True,DOC-20260712-MA,Commercial / Discom Request,0.882,classified,confirmed
EVT-2026-1701,2026-07-25 07:00:00,Western Region,Madhya Pradesh,MP_SOLAR_01,Solar,500,253.6,214.2,39.4,39.4,Transmission line constraint at Tuticorin 400kV corridor,Transmission Constraint,True,DOC-20260725-MA,Transmission Constraint,0.861,classified,confirmed
EVT-2026-1702,2026-07-23 08:00:00,Southern Region,Tamil Nadu,TN_SOLAR_01,Solar,500,400.9,260.1,140.8,140.8,"System frequency surge (50.09 Hz), active power curtailment executed",High Frequency,True,DOC-20260723-TA,High Frequency,0.908,classified,confirmed
EVT-2026-1703,2026-06-01 22:00:00,Southern Region,Tamil Nadu,TN_WIND_02,Wind,350,219.6,182.5,37.1,29.5,Bay maintenance shutdown at Rewa RE pooling station,Maintenance / Outage,True,DOC-20260601-TA,Maintenance / Outage,0.88,classified,mismatch
EVT-2026-1704,2026-06-12 23:00:00,Western Region,Gujarat,GJ_WIND_01,Wind,400,277.3,210.4,66.9,66.9,Over-generation mitigation required for grid stability,Grid Security,True,DOC-20260612-GU,Grid Security,0.885,classified,confirmed
EVT-2026-1705,2026-07-23 12:00:00,Southern Region,Karnataka,KA_SOLAR_01,Solar,600,473.3,405.2,68.1,68.1,Reactive power compensation constraint at Bhadla grid,Grid Security,True,DOC-20260723-KA,Grid Security,0.881,classified,confirmed
EVT-2026-1706,2026-07-11 08:00:00,Southern Region,Karnataka,KA_SOLAR_01,Solar,600,451.6,272.0,179.6,179.6,"Inter-regional corridor bottleneck, backing down required",Transmission Constraint,True,DOC-20260711-KA,Transmission Constraint,0.901,classified,confirmed
EVT-2026-1707,2026-06-10 18:00:00,Western Region,Gujarat,GJ_WIND_01,Wind,400,308.5,215.8,92.7,92.7,"Inter-regional corridor bottleneck, backing down required",Transmission Constraint,True,DOC-20260610-GU,Transmission Constraint,0.901,classified,confirmed
EVT-2026-1708,2026-08-08 14:00:00,Western Region,Madhya Pradesh,MP_SOLAR_01,Solar,500,220.4,151.7,68.7,68.7,Grid security alert: voltage instability detected at Bhuj,Grid Security,True,DOC-20260808-MA,Grid Security,0.856,classified,confirmed
EVT-2026-1709,2026-06-13 06:00:00,Southern Region,Karnataka,KA_SOLAR_01,Solar,600,306.7,211.1,95.6,95.6,Emergency backing down to prevent grid failure at Kurnool,Grid Security,True,DOC-20260613-KA,Grid Security,0.843,classified,confirmed
EVT-2026-1710,2026-07-03 14:00:00,Southern Region,Tamil Nadu,TN_WIND_02,Wind,350,154.1,120.9,33.2,33.2,Line loading exceeded thermal capacity limit at Kurnool,Transmission Constraint,True,DOC-20260703-TA,Transmission Constraint,0.891,classified,confirmed
EVT-2026-1711,2026-07-19 14:00:00,Western Region,Madhya Pradesh,MP_SOLAR_01,Solar,500,465.3,357.8,107.5,107.5,Substation maintenance work scheduled at Kayathar,Maintenance / Outage,True,DOC-20260719-MA,Maintenance / Outage,0.848,classified,confirmed
EVT-2026-1712,2026-07-30 08:00:00,Western Region,Madhya Pradesh,MP_SOLAR_01,Solar,500,283.1,186.8,96.3,96.3,"System frequency surge (50.06 Hz), active power curtailment executed",High Frequency,True,DOC-20260730-MA,High Frequency,0.891,classified,confirmed
EVT-2026-1713,2026-07-30 17:00:00,Western Region,Madhya Pradesh,MP_SOLAR_01,Solar,500,264.3,246.6,17.7,21.8,"System frequency surge (50.12 Hz), active power curtailment executed",High Frequency,True,DOC-20260730-MA,High Frequency,0.893,classified,confirmed
EVT-2026-1714,2026-07-08 12:00:00,Southern Region,Karnataka,KA_SOLAR_01,Solar,600,426.6,265.2,161.4,109.0,Transmission line constraint at Bhuj 400kV corridor,Transmission Constraint,True,DOC-20260708-KA,Transmission Constraint,0.859,classified,mismatch
EVT-2026-1715,2026-08-07 14:00:00,Western Region,Gujarat,GJ_WIND_01,Wind,400,167.4,103.0,64.4,64.4,Economic dispatch instruction from SLDC control room,Commercial / Discom Request,True,DOC-20260807-GU,Commercial / Discom Request,0.898,classified,confirmed
EVT-2026-1716,2026-08-03 02:00:00,Western Region,Gujarat,GJ_WIND_01,Wind,400,239.6,155.8,83.8,83.8,Substation maintenance work scheduled at Pavagada,Maintenance / Outage,True,DOC-20260803-GU,Maintenance / Outage,0.851,classified,confirmed
EVT-2026-1717,2026-08-18 06:00:00,Western Region,Gujarat,GJ_WIND_01,Wind,400,164.2,100.2,64.0,64.0,"High frequency in grid (50.09 Hz), backing down instructed by NRLDC",High Frequency,True,DOC-20260818-GU,High Frequency,0.869,classified,confirmed
EVT-2026-1718,2026-07-02 15:00:00,Southern Region,Tamil Nadu,TN_SOLAR_01,Solar,500,277.9,176.0,101.9,101.9,Planned line clearance for grid upgrade work,Maintenance / Outage,True,DOC-20260702-TA,Maintenance / Outage,0.91,classified,confirmed
EVT-2026-1719,2026-07-17 11:00:00,Southern Region,Karnataka,KA_SOLAR_01,Solar,600,470.4,287.1,183.3,183.3,Line loading exceeded thermal capacity limit at Pavagada,Transmission Constraint,True,DOC-20260717-KA,Transmission Constraint,0.878,classified,confirmed
EVT-2026-1720,2026-07-17 17:00:00,Southern Region,Karnataka,KA_SOLAR_01,Solar,600,296.1,228.7,67.4,67.4,Frequency control directive: reduce generation immediately,High Frequency,True,DOC-20260717-KA,High Frequency,0.892,classified,confirmed
EVT-2026-1721,2026-07-27 10:00:00,Western Region,Gujarat,GJ_WIND_01,Wind,400,203.4,175.2,28.2,21.9,Economic dispatch instruction from SLDC control room,Commercial / Discom Request,True,DOC-20260727-GU,Commercial / Discom Request,0.898,classified,mismatch
EVT-2026-1722,2026-06-20 10:00:00,Western Region,Rajasthan,RJ_SOLAR_01,Solar,1000,515.0,313.5,201.5,201.5,Line loading exceeded thermal capacity limit at Khavda,Transmission Constraint,True,DOC-20260620-RA,Transmission Constraint,0.887,classified,confirmed
EVT-2026-1723,2026-06-08 09:00:00,Southern Region,Tamil Nadu,TN_SOLAR_01,Solar,500,403.1,251.8,151.3,151.3,Reactive power compensation constraint at Pavagada grid,Grid Security,True,DOC-20260608-TA,Grid Security,0.859,classified,confirmed
EVT-2026-1724,2026-06-30 14:00:00,Western Region,Rajasthan,RJ_SOLAR_01,Solar,1000,590.5,420.7,169.8,169.8,Commercial backing down order from state DISCOM (Gurowvnl),Commercial / Discom Request,True,DOC-20260630-RA,Commercial / Discom Request,0.882,classified,confirmed
EVT-2026-1725,2026-08-19 08:00:00,Southern Region,Andhra Pradesh,AP_SOLAR_02,Solar,450,328.1,309.2,18.9,13.2,Line loading exceeded thermal capacity limit at Kurnool,Transmission Constraint,True,DOC-20260819-AN,Transmission Constraint,0.891,classified,mismatch
EVT-2026-1726,2026-07-01 17:00:00,Western Region,Gujarat,GJ_WIND_01,Wind,400,288.1,181.4,106.7,106.7,Power surrender by buying utility due to off-peak tariff,Commercial / Discom Request,True,DOC-20260701-GU,Commercial / Discom Request,0.881,classified,confirmed
EVT-2026-1727,2026-06-29 15:00:00,Southern Region,Tamil Nadu,TN_SOLAR_01,Solar,500,363.8,252.0,111.8,111.8,Line loading exceeded thermal capacity limit at Bhuj,Transmission Constraint,True,DOC-20260629-TA,Transmission Constraint,0.882,classified,confirmed
EVT-2026-1728,2026-07-20 15:00:00,Southern Region,Karnataka,KA_SOLAR_01,Solar,600,335.6,243.2,92.4,97.0,Bay maintenance shutdown at Pavagada RE pooling station,Maintenance / Outage,True,DOC-20260720-KA,Maintenance / Outage,0.872,classified,confirmed
EVT-2026-1729,2026-07-17 09:00:00,Southern Region,Karnataka,KA_SOLAR_01,Solar,600,507.5,466.6,40.9,40.9,Line loading exceeded thermal capacity limit at Bhadla,Transmission Constraint,True,DOC-20260717-KA,Transmission Constraint,0.885,classified,confirmed
EVT-2026-1730,2026-08-02 10:00:00,Southern Region,Karnataka,KA_SOLAR_01,Solar,600,293.7,245.2,48.5,53.7,Economic dispatch instruction from SLDC control room,Commercial / Discom Request,True,DOC-20260802-KA,Commercial / Discom Request,0.898,classified,mismatch
EVT-2026-1731,2026-07-04 17:00:00,Western Region,Madhya Pradesh,MP_SOLAR_01,Solar,500,306.9,202.6,104.3,104.3,Bay maintenance shutdown at Muppandal RE pooling station,Maintenance / Outage,True,DOC-20260704-MA,Maintenance / Outage,0.893,classified,confirmed
EVT-2026-1732,2026-06-16 16:00:00,Southern Region,Karnataka,KA_SOLAR_01,Solar,600,266.1,250.2,15.9,15.9,Line loading exceeded thermal capacity limit at Kurnool,Transmission Constraint,True,DOC-20260616-KA,Transmission Constraint,0.891,classified,confirmed
EVT-2026-1733,2026-06-20 13:00:00,Western Region,Rajasthan,RJ_SOLAR_01,Solar,1000,421.9,267.6,154.3,154.3,Line loading exceeded thermal capacity limit at Pavagada,Transmission Constraint,True,DOC-20260620-RA,Transmission Constraint,0.878,classified,confirmed
EVT-2026-1734,2026-06-07 07:00:00,Western Region,Rajasthan,RJ_SOLAR_01,Solar,1000,948.0,910.1,37.9,37.9,Transmission congestion on Muppandal to Kayathar 765kV line,Transmission Constraint,True,DOC-20260607-RA,Transmission Constraint,0.848,classified,confirmed
EVT-2026-1735,2026-08-14 14:00:00,Southern Region,Karnataka,KA_SOLAR_01,Solar,600,277.8,236.3,41.5,41.5,"High frequency in grid (50.05 Hz), backing down instructed by WRLDC",High Frequency,True,DOC-20260814-KA,High Frequency,0.863,classified,confirmed
EVT-2026-1736,2026-07-19 15:00:00,Southern Region,Andhra Pradesh,AP_SOLAR_02,Solar,450,230.9,170.4,60.5,60.5,Emergency backing down to prevent grid failure at Muppandal,Grid Security,True,DOC-20260719-AN,Grid Security,0.863,classified,confirmed
EVT-2026-1737,2026-06-06 16:00:00,Southern Region,Tamil Nadu,TN_SOLAR_01,Solar,500,240.1,219.9,20.2,20.2,Emergency backing down to prevent grid failure at Muppandal,Grid Security,True,DOC-20260606-TA,Grid Security,0.863,classified,confirmed
EVT-2026-1738,2026-06-05 11:00:00,Southern Region,Tamil Nadu,TN_WIND_02,Wind,350,160.6,133.6,27.0,27.0,Planned line clearance for grid upgrade work,Maintenance / Outage,True,DOC-20260605-TA,Maintenance / Outage,0.91,classified,confirmed
EVT-2026-1739,2026-08-05 12:00:00,Southern Region,Andhra Pradesh,AP_SOLAR_02,Solar,450,337.3,290.8,46.5,46.5,Frequency control directive: reduce generation immediately,High Frequency,True,DOC-20260805-AN,High Frequency,0.892,classified,confirmed
EVT-2026-1740,2026-06-02 12:00:00,Western Region,Rajasthan,RJ_SOLAR_01,Solar,1000,813.9,526.9,287.0,317.8,Protection relay testing shutdown at pooling station,Maintenance / Outage,True,DOC-20260602-RA,Maintenance / Outage,0.891,classified,mismatch
EVT-2026-1741,2026-07-10 17:00:00,Southern Region,Tamil Nadu,TN_WIND_02,Wind,350,203.3,168.4,34.9,34.9,DISCOM commercial request due to low demand period,Commercial / Discom Request,True,DOC-20260710-TA,Commercial / Discom Request,0.917,classified,confirmed
EVT-2026-1742,2026-06-27 11:00:00,Southern Region,Tamil Nadu,TN_SOLAR_01,Solar,500,350.9,246.0,104.9,104.9,N-1 contingency constraint triggered on evacuation line,Transmission Constraint,True,DOC-20260627-TA,Transmission Constraint,0.897,classified,confirmed
EVT-2026-1743,2026-07-30 10:00:00,Western Region,Madhya Pradesh,MP_SOLAR_01,Solar,500,288.5,183.8,104.7,92.0,"Inter-regional corridor bottleneck, backing down required",Transmission Constraint,True,DOC-20260730-MA,Transmission Constraint,0.901,classified,mismatch
EVT-2026-1744,2026-08-11 07:00:00,Southern Region,Tamil Nadu,TN_WIND_02,Wind,350,329.5,217.5,112.0,112.0,Substation maintenance work scheduled at Kurnool,Maintenance / Outage,True,DOC-20260811-TA,Maintenance / Outage,0.868,classified,confirmed
EVT-2026-1745,2026-06-16 12:00:00,Western Region,Gujarat,GJ_WIND_01,Wind,400,304.6,264.0,40.6,40.6,Planned line clearance for grid upgrade work,Maintenance / Outage,True,DOC-20260616-GU,Maintenance / Outage,0.91,classified,confirmed
EVT-2026-1746,2026-06-28 10:00:00,Western Region,Rajasthan,RJ_SOLAR_01,Solar,1000,941.3,602.6,338.7,338.7,System security constraint enforced by SRLDC dispatcher,Grid Security,True,DOC-20260628-RA,Grid Security,0.87,classified,confirmed
EVT-2026-1747,2026-06-03 06:00:00,Southern Region,Andhra Pradesh,AP_SOLAR_02,Solar,450,181.3,120.3,61.0,61.0,Frequency control directive: reduce generation immediately,High Frequency,True,DOC-20260603-AN,High Frequency,0.892,classified,confirmed
EVT-2026-1748,2026-06-03 14:00:00,Western Region,Madhya Pradesh,MP_SOLAR_01,Solar,500,251.7,154.3,97.4,97.4,Planned line clearance for grid upgrade work,Maintenance / Outage,True,DOC-20260603-MA,Maintenance / Outage,0.91,classified,confirmed
EVT-2026-1749,2026-06-04 09:00:00,Western Region,Madhya Pradesh,MP_SOLAR_01,Solar,500,389.1,309.1,80.0,80.0,Transmission line constraint at Bhadla 400kV corridor,Transmission Constraint,True,DOC-20260604-MA,Transmission Constraint,0.84,classified,confirmed
EVT-2026-1750,2026-07-20 12:00:00,Southern Region,Karnataka,KA_SOLAR_01,Solar,600,387.2,269.5,117.7,140.9,Grid security alert: voltage instability detected at Rewa,Grid Security,True,DOC-20260720-KA,Grid Security,0.869,classified,mismatch
